trial_id,site,year,plot,variety,n_rate_kg_ha,rep,yield_t_ha,grain_moisture_pct,plant_height_cm,notes
AMES-2020,AMES,2020,101,Amber,0,1,8.5,21.3,188,
AMES-2020,AMES,2020,102,Amber,60,1,10.03,22.6,210,
AMES-2020,AMES,2020,103,Amber,120,1,10.82,16.8,201,
AMES-2020,AMES,2020,104,Amber,180,1,9.76,15.5,215,
AMES-2020,AMES,2020,105,Bolt,0,1,10.04,14.9,193,
AMES-2020,AMES,2020,106,Bolt,60,1,10.71,17.4,218,
AMES-2020,AMES,2020,107,Bolt,120,1,11.47,22.2,229,
AMES-2020,AMES,2020,108,Bolt,180,1,11.69,18.2,203,
AMES-2020,AMES,2020,109,Crest,0,1,7.5,20.9,198,
AMES-2020,AMES,2020,110,Crest,60,1,9.56,17.9,199,
AMES-2020,AMES,2020,111,Crest,120,1,9.52,19.9,198,
AMES-2020,AMES,2020,112,Crest,180,1,10.59,17.7,222,
AMES-2020,AMES,2020,112,Crest,180,1,10.59,17.7,222,
AMES-2020,AMES,2020,113,Dune,0,1,8.59,19.1,188,
AMES-2020,AMES,2020,114,Dune,60,1,11.46,16.7,200,
AMES-2020,AMES,2020,115,Dune,120,1,11.75,21.6,207,
AMES-2020,AMES,2020,116,Dune,180,1,12.24,23.8,224,
AMES-2020,AMES,2020,117,Amber,0,2,8.89,22.9,199,
AMES-2020,AMES,2020,118,Amber,60,2,10.73,21.0,213,
AMES-2020,AMES,2020,119,Amber,120,2,11.59,16.9,207,
AMES-2020,AMES,2020,120,Amber,180,2,10.38,17.6,219,
AMES-2020,AMES,2020,121,Bolt,0,2,9.72,22.8,196,
AMES-2020,AMES,2020,122,Bolt,60,2,11.83,21.6,211,
AMES-2020,AMES,2020,123,Bolt,120,2,12.2,17.7,202,
AMES-2020,AMES,2020,124,Bolt,180,2,11.85,16.0,221,
AMES-2020,AMES,2020,125,Crest,0,2,7.7,18.0,184,
AMES-2020,AMES,2020,126,Crest,60,2,9.28,20.3,208,
AMES-2020,AMES,2020,127,Crest,120,2,10.64,22.8,212,
AMES-2020,AMES,2020,128,Crest,180,2,10.63,19.9,205,
AMES-2020,AMES,2020,129,Dune,0,2,9.14,16.7,196,
AMES-2020,AMES,2020,130,Dune,60,2,11.41,22.7,217,
AMES-2020,AMES,2020,131,Dune,120,2,11.82,16.6,214,
AMES-2020,AMES,2020,132,Dune,180,2,11.55,23.4,221,
AMES-2020,AMES,2020,133,Amber,0,3,8.36,20.0,201,
AMES-2020,AMES,2020,134,Amber,60,3,10.86,17.6,212,
AMES-2020,AMES,2020,135,Amber,120,3,10.8,19.0,208,
AMES-2020,AMES,2020,136,Amber,180,3,11.27,17.9,218,
AMES-2020,AMES,2020,137,Bolt,0,3,9.0,20.0,187,
AMES-2020,AMES,2020,138,Bolt,60,3,9.67,24.0,212,
AMES-2020,AMES,2020,139,Bolt,120,3,11.19,18.6,217,
AMES-2020,AMES,2020,140,Bolt,180,3,11.94,21.9,201,
AMES-2020,AMES,2020,141,Crest,0,3,7.67,16.8,191,
AMES-2020,AMES,2020,142,Crest,60,3,9.67,24.0,203,
AMES-2020,AMES,2020,143,Crest,120,3,10.46,23.2,207,
AMES-2020,AMES,2020,144,Crest,180,3,11.45,21.3,194,
AMES-2020,AMES,2020,145,Dune,0,3,9.76,19.5,207,
AMES-2020,AMES,2020,146,Dune,60,3,10.78,15.9,213,
AMES-2020,AMES,2020,147,Dune,120,3,12.04,15.8,219,
AMES-2020,AMES,2020,148,Dune,180,3,11.75,21.2,216,
AMES-2021,AMES,2021,101,Amber,0,1,8.55,,201,
AMES-2021,AMES,2021,102,Amber,60,1,10.01,19.1,183,
AMES-2021,AMES,2021,103,Amber,120,1,10.82,19.4,206,
AMES-2021,AMES,2021,104,Amber,180,1,11.63,15.1,196,
AMES-2021,AMES,2021,105,Bolt,0,1,9.01,19.1,192,
AMES-2021,AMES,2021,106,Bolt,60,1,10.92,16.4,216,
AMES-2021,AMES,2021,107,Bolt,120,1,11.76,18.9,218,
AMES-2021,AMES,2021,108,Bolt,180,1,11.77,21.5,214,
AMES-2021,AMES,2021,109,Crest,0,1,7.5,17.2,179,
AMES-2021,AMES,2021,110,Crest,60,1,-1.0,23.3,212,data entry error?
AMES-2021,AMES,2021,111,Crest,120,1,10.78,14.7,210,
AMES-2021,AMES,2021,112,Crest,180,1,10.87,16.9,209,
AMES-2021,AMES,2021,113,Dune,0,1,10.13,23.3,192,
AMES-2021,AMES,2021,114,Dune,60,1,11.22,,198,
AMES-2021,AMES,2021,115,Dune,120,1,11.53,19.4,202,
AMES-2021,AMES,2021,116,Dune,180,1,11.93,20.0,229,
AMES-2021,AMES,2021,117,Amber,0,2,7.97,17.7,182,
AMES-2021,AMES,2021,118,Amber,60,2,11.07,21.5,216,
AMES-2021,AMES,2021,119,Amber,120,2,10.48,23.3,232,
AMES-2021,AMES,2021,120,Amber,180,2,10.7,17.2,198,
AMES-2021,AMES,2021,121,Bolt,0,2,9.25,21.8,215,
AMES-2021,AMES,2021,122,Bolt,60,2,10.51,15.0,214,
AMES-2021,AMES,2021,123,Bolt,120,2,11.7,16.0,203,
AMES-2021,AMES,2021,124,Bolt,180,2,10.81,14.7,216,
AMES-2021,AMES,2021,125,Crest,0,2,8.54,17.5,190,
AMES-2021,AMES,2021,126,Crest,60,2,11.12,19.1,213,
AMES-2021,AMES,2021,127,Crest,120,2,9.9,22.2,205,
AMES-2021,AMES,2021,128,Crest,180,2,11.86,19.5,222,
AMES-2021,AMES,2021,129,Dune,0,2,9.75,16.7,210,
AMES-2021,AMES,2021,130,Dune,60,2,10.17,24.0,219,
AMES-2021,AMES,2021,131,Dune,120,2,12.77,24.0,224,
AMES-2021,AMES,2021,132,Dune,180,2,12.38,19.4,219,
AMES-2021,AMES,2021,133,Amber,0,3,9.02,18.4,197,
AMES-2021,AMES,2021,134,Amber,60,3,10.81,22.0,215,
AMES-2021,AMES,2021,135,Amber,120,3,10.79,22.8,210,
AMES-2021,AMES,2021,136,Amber,180,3,NA,22.4,217,plot lodged; not harvested
AMES-2021,AMES,2021,137,Bolt,0,3,8.26,23.9,203,
AMES-2021,AMES,2021,138,Bolt,60,3,10.48,20.9,220,
AMES-2021,AMES,2021,139,Bolt,120,3,12.34,19.9,211,
AMES-2021,AMES,2021,140,Bolt,180,3,12.66,21.1,226,
AMES-2021,AMES,2021,141,Crest,0,3,8.22,19.9,207,
AMES-2021,AMES,2021,142,Crest,60,3,9.85,18.4,197,
AMES-2021,AMES,2021,143,Crest,120,3,10.78,19.2,221,
AMES-2021,AMES,2021,144,Crest,180,3,11.09,23.6,228,
AMES-2021,AMES,2021,145,Dune,0,3,9.02,14.6,196,
AMES-2021,AMES,2021,146,Dune,60,3,11.16,15.4,204,
AMES-2021,AMES,2021,147,Dune,120,3,11.7,16.3,211,
AMES-2021,AMES,2021,148,Dune,180,3,11.74,20.3,220,
AMES-2022,AMES,2022,101,Amber,0,1,8.4,23.9,192,
AMES-2022,AMES,2022,102,Amber,60,1,10.0,20.4,208,
AMES-2022,AMES,2022,103,Amber,120,1,11.02,16.0,183,
AMES-2022,AMES,2022,104,Amber,180,1,11.51,23.8,202,
AMES-2022,AMES,2022,105,Bolt,0,1,8.93,14.9,188,
AMES-2022,AMES,2022,106,Bolt,60,1,11.3,14.9,205,
AMES-2022,AMES,2022,107,Bolt,120,1,11.08,23.7,211,
AMES-2022,AMES,2022,108,Bolt,180,1,11.02,15.8,229,
AMES-2022,AMES,2022,109,Crest,0,1,8.38,22.6,189,
AMES-2022,AMES,2022,110,Crest,60,1,NA,17.3,207,plot lodged; not harvested
AMES-2022,AMES,2022,111,Crest,120,1,10.47,21.8,201,
AMES-2022,AMES,2022,112,Crest,180,1,11.38,20.3,207,
AMES-2022,AMES,2022,113,Dune,0,1,9.07,16.3,193,
AMES-2022,AMES,2022,114,Dune,60,1,10.41,20.4,226,
AMES-2022,AMES,2022,115,Dune,120,1,12.02,20.5,216,
AMES-2022,AMES,2022,116,Dune,180,1,11.51,17.0,216,
AMES-2022,AMES,2022,117,Amber,0,2,8.16,19.1,198,
AMES-2022,AMES,2022,118,Amber,60,2,10.16,15.9,207,
AMES-2022,AMES,2022,119,Amber,120,2,10.63,23.2,226,
AMES-2022,AMES,2022,120,Amber,180,2,11.16,15.5,203,
AMES-2022,AMES,2022,121,Bolt,0,2,9.16,20.1,186,
AMES-2022,AMES,2022,122,Bolt,60,2,10.68,23.5,218,
AMES-2022,AMES,2022,123,Bolt,120,2,11.99,15.9,202,
AMES-2022,AMES,2022,124,Bolt,180,2,12.32,22.0,235,
AMES-2022,AMES,2022,125,Crest,0,2,6.84,21.0,192,
AMES-2022,AMES,2022,126,Crest,60,2,10.76,21.3,194,
AMES-2022,AMES,2022,127,Crest,120,2,10.28,16.4,218,
AMES-2022,AMES,2022,128,Crest,180,2,11.08,14.6,222,
AMES-2022,AMES,2022,129,Dune,0,2,9.8,22.5,187,
AMES-2022,AMES,2022,130,Dune,60,2,11.27,21.6,207,
AMES-2022,AMES,2022,131,Dune,120,2,12.11,17.5,209,
AMES-2022,AMES,2022,132,Dune,180,2,12.07,17.6,233,
AMES-2022,AMES,2022,133,Amber ,0,3,7.98,21.4,176,
AMES-2022,AMES,2022,134,Amber,60,3,8.96,22.7,196,
AMES-2022,AMES,2022,135,Amber,120,3,11.51,16.2,211,
AMES-2022,AMES,2022,136,Amber,180,3,11.37,21.5,203,
AMES-2022,AMES,2022,137,Bolt,0,3,8.84,22.6,185,
AMES-2022,AMES,2022,138,Bolt,60,3,11.62,14.5,208,
AMES-2022,AMES,2022,139,Bolt,120,3,12.22,20.6,203,
AMES-2022,AMES,2022,140,Bolt,180,3,11.67,,212,
AMES-2022,AMES,2022,141,Crest,0,3,8.59,22.7,193,
AMES-2022,AMES,2022,142,Crest,60,3,9.27,21.1,196,
AMES-2022,AMES,2022,143,Crest,120,3,9.98,20.4,199,
AMES-2022,AMES,2022,144,Crest,180,3,11.09,22.5,206,
AMES-2022,AMES,2022,145,Dune,0,3,9.21,17.7,196,
AMES-2022,AMES,2022,146,Dune,60,3,10.75,17.8,224,
AMES-2022,AMES,2022,147,Dune,120,3,12.16,21.4,234,
AMES-2022,AMES,2022,148,Dune,180,3,11.49,15.5,225,
AMES-2023,AMES,2023,101,Amber,0,1,6.27,20.4,182,
AMES-2023,AMES,2023,102,Amber,60,1,8.87,21.0,196,
AMES-2023,AMES,2023,103,Amber,120,1,9.47,15.2,202,
AMES-2023,AMES,2023,104,Amber,180,1,9.44,21.5,207,
AMES-2023,AMES,2023,105,Bolt,0,1,6.11,19.5,203,
AMES-2023,AMES,2023,106,Bolt,60,1,8.02,22.8,236,
AMES-2023,AMES,2023,107,Bolt,120,1,11.33,20.4,224,
AMES-2023,AMES,2023,108,Bolt,180,1,8.82,19.1,219,
AMES-2023,AMES,2023,109,Crest,0,1,7.06,18.5,189,
AMES-2023,AMES,2023,110,Crest,60,1,8.54,16.1,207,
AMES-2023,AMES,2023,111,Crest,120,1,9.28,19.4,206,
AMES-2023,AMES,2023,112,Crest,180,1,9.43,23.5,206,
AMES-2023,AMES,2023,113,Dune,0,1,6.86,14.6,197,
AMES-2023,AMES,2023,114,Dune,60,1,8.7,14.6,222,
AMES-2023,AMES,2023,115,Dune,120,1,9.81,20.2,226,
AMES-2023,AMES,2023,116,Dune,180,1,11.61,19.0,204,
AMES-2023,AMES,2023,117,Amber,0,2,5.72,18.9,182,
AMES-2023,AMES,2023,118,Amber,60,2,8.58,16.7,202,
AMES-2023,AMES,2023,119,Amber,120,2,8.69,17.9,220,
AMES-2023,AMES,2023,120,Amber,180,2,9.54,17.7,224,
AMES-2023,AMES,2023,121,Bolt,0,2,7.4,15.5,182,
AMES-2023,AMES,2023,122,Bolt,60,2,9.01,21.8,202,
AMES-2023,AMES,2023,123,Bolt,120,2,10.04,22.8,233,
AMES-2023,AMES,2023,124,Bolt,180,2,8.77,,231,
AMES-2023,AMES,2023,125,Crest,0,2,5.44,16.5,185,
AMES-2023,AMES,2023,126,Crest,60,2,8.06,14.7,201,
AMES-2023,AMES,2023,127,Crest,120,2,9.48,21.5,198,
AMES-2023,AMES,2023,128,Crest,180,2,10.1,15.1,209,
AMES-2023,AMES,2023,129,Dune,0,2,7.36,22.3,206,
AMES-2023,AMES,2023,130,Dune,60,2,7.97,18.8,198,
AMES-2023,AMES,2023,131,Dune,120,2,10.76,16.6,220,
AMES-2023,AMES,2023,132,Dune,180,2,10.55,23.5,230,
AMES-2023,AMES,2023,133,Amber,0,3,6.46,16.8,190,
AMES-2023,AMES,2023,134,Amber,60,3,8.75,22.1,219,
AMES-2023,AMES,2023,135,Amber,120,3,8.84,20.0,208,
AMES-2023,AMES,2023,136,Amber,180,3,10.0,23.6,203,
AMES-2023,AMES,2023,137,Bolt,0,3,7.32,22.4,188,
AMES-2023,AMES,2023,138,Bolt,60,3,8.73,17.7,208,
AMES-2023,AMES,2023,139,Bolt,120,3,10.43,15.1,208,
AMES-2023,AMES,2023,140,Bolt,180,3,9.96,21.9,228,
AMES-2023,AMES,2023,141,Crest,0,3,6.6,17.3,167,
AMES-2023,AMES,2023,142,Crest,60,3,8.11,19.5,216,
AMES-2023,AMES,2023,143,Crest,120,3,8.58,17.4,217,
AMES-2023,AMES,2023,144,Crest,180,3,9.63,21.1,209,
AMES-2023,AMES,2023,145,Dune,0,3,6.56,17.4,213,
AMES-2023,AMES,2023,146,Dune,60,3,10.5,23.5,210,
AMES-2023,AMES,2023,147,Dune,120,3,10.22,20.9,226,
AMES-2023,AMES,2023,148,Dune,180,3,9.9,15.5,215,
AMES-2024,AMES,2024,101,Amber,0,1,8.77,17.8,190,
AMES-2024,AMES,2024,102,Amber,60,1,10.6,23.4,189,
AMES-2024,AMES,2024,103,Amber,120,1,11.7,21.9,207,
AMES-2024,AMES,2024,104,Amber,180,1,11.44,20.3,202,
AMES-2024,AMES,2024,105,Bolt,0,1,9.44,20.5,186,
AMES-2024,AMES,2024,106,Bolt,60,1,11.29,21.7,217,
AMES-2024,AMES,2024,107,Bolt,120,1,11.69,19.4,215,
AMES-2024,AMES,2024,108,Bolt,180,1,11.62,17.4,200,
AMES-2024,AMES,2024,109,Crest,0,1,8.74,15.0,194,
AMES-2024,AMES,2024,110,Crest,60,1,10.02,21.0,220,
AMES-2024,AMES,2024,111,Crest,120,1,11.1,19.0,214,
AMES-2024,AMES,2024,112,Crest,180,1,11.32,19.6,207,
AMES-2024,AMES,2024,113,Dune,0,1,8.82,15.8,188,
AMES-2024,AMES,2024,114,Dune,60,1,10.41,16.8,214,
AMES-2024,AMES,2024,115,Dune,120,1,10.2,21.9,221,
AMES-2024,AMES,2024,116,Dune,180,1,11.84,17.8,217,
AMES-2024,AMES,2024,117,Amber,0,2,NA,16.9,198,plot lodged; not harvested
AMES-2024,AMES,2024,118,Amber,60,2,10.98,22.6,206,
AMES-2024,AMES,2024,119,Amber,120,2,10.64,23.3,220,
AMES-2024,AMES,2024,120,Amber,180,2,10.74,16.8,217,
AMES-2024,AMES,2024,121,Bolt,0,2,8.5,18.9,204,
AMES-2024,AMES,2024,122,Bolt,60,2,10.29,,218,
AMES-2024,AMES,2024,123,Bolt,120,2,11.28,15.8,215,
AMES-2024,AMES,2024,124,Bolt,180,2,12.2,23.1,212,
AMES-2024,AMES,2024,125,Crest,0,2,8.43,23.2,185,
AMES-2024,AMES,2024,126,Crest,60,2,9.81,15.8,190,
AMES-2024,AMES,2024,127,Crest,120,2,10.77,22.2,212,
AMES-2024,AMES,2024,128,Crest,180,2,11.67,19.6,213,
AMES-2024,AMES,2024,129,Dune,0,2,9.1,18.6,201,
AMES-2024,AMES,2024,130,Dune,60,2,11.73,19.2,223,
AMES-2024,AMES,2024,131,Dune,120,2,12.32,22.7,225,
AMES-2024,AMES,2024,132,Dune,180,2,12.53,20.6,214,
AMES-2024,AMES,2024,133,Amber,0,3,8.37,19.9,194,
AMES-2024,AMES,2024,134,Amber,60,3,11.11,20.8,197,
AMES-2024,AMES,2024,135,Amber,120,3,10.24,18.8,215,
AMES-2024,AMES,2024,136,Amber,180,3,10.71,14.6,217,
AMES-2024,AMES,2024,137,Bolt,0,3,8.87,16.6,183,
AMES-2024,AMES,2024,138,Bolt,60,3,10.87,16.0,198,
AMES-2024,AMES,2024,139,Bolt,120,3,10.68,14.7,220,
AMES-2024,AMES,2024,140,Bolt,180,3,12.26,19.9,217,
AMES-2024,AMES,2024,141,Crest,0,3,7.84,20.1,198,
AMES-2024,AMES,2024,142,Crest,60,3,10.7,22.7,211,
AMES-2024,AMES,2024,143,Crest,120,3,11.66,23.7,206,
AMES-2024,AMES,2024,144,Crest,180,3,11.46,20.0,211,
AMES-2024,AMES,2024,145,Dune,0,3,9.61,17.1,206,
AMES-2024,AMES,2024,146,Dune,60,3,11.66,23.8,203,
AMES-2024,AMES,2024,147,Dune,120,3,12.71,17.7,220,
AMES-2024,AMES,2024,148,Dune,180,3,13.24,23.4,213,
LINC-2020,LINC,2020,101,Amber,0,1,7.11,17.4,183,
LINC-2020,LINC,2020,102,Amber,60,1,7.0,22.9,202,
LINC-2020,LINC,2020,103,Amber,120,1,10.04,16.3,205,
LINC-2020,LINC,2020,104,Amber,180,1,10.43,19.6,218,
LINC-2020,LINC,2020,105,Bolt,0,1,7.69,21.0,212,
LINC-2020,LINC,2020,106,Bolt,60,1,8.62,19.5,210,
LINC-2020,LINC,2020,107,Bolt,120,1,10.49,22.1,208,
LINC-2020,LINC,2020,108,Bolt,180,1,10.53,15.9,229,
LINC-2020,LINC,2020,109,Crest,0,1,6.21,15.9,187,
LINC-2020,LINC,2020,110,Crest,60,1,8.01,23.2,201,
LINC-2020,LINC,2020,111,Crest,120,1,8.89,20.1,206,
LINC-2020,LINC,2020,112,Crest,180,1,9.54,18.8,209,
LINC-2020,LINC,2020,113,Dune,0,1,6.52,17.2,194,
LINC-2020,LINC,2020,114,Dune,60,1,9.41,15.4,208,
LINC-2020,LINC,2020,115,Dune,120,1,10.72,,210,
LINC-2020,LINC,2020,116,Dune,180,1,10.34,22.6,208,
LINC-2020,LINC,2020,117,Amber,0,2,6.76,23.0,180,
LINC-2020,LINC,2020,118,Amber,60,2,8.59,15.8,202,
LINC-2020,LINC,2020,119,Amber,120,2,10.58,16.2,233,
LINC-2020,LINC,2020,120,Amber,180,2,9.58,21.4,228,
LINC-2020,LINC,2020,121,Bolt,0,2,6.64,20.4,215,
LINC-2020,LINC,2020,122,Bolt,60,2,9.19,23.3,204,
LINC-2020,LINC,2020,123,Bolt,120,2,10.11,22.0,219,
LINC-2020,LINC,2020,124,Bolt,180,2,10.67,18.7,228,
LINC-2020,LINC,2020,125,Crest,0,2,6.52,16.7,187,
LINC-2020,LINC,2020,126,Crest,60,2,8.46,17.9,209,
LINC-2020,LINC,2020,127,Crest,120,2,9.68,16.1,194,
LINC-2020,LINC,2020,128,Crest,180,2,9.18,20.3,215,
LINC-2020,LINC,2020,129,Dune,0,2,8.16,23.8,198,
LINC-2020,LINC,2020,130,Dune,60,2,9.56,18.2,210,
LINC-2020,LINC,2020,131,Dune,120,2,10.63,22.3,222,
LINC-2020,LINC,2020,132,Dune,180,2,10.81,14.9,213,
LINC-2020,LINC,2020,133,Amber,0,3,6.71,16.0,191,
LINC-2020,LINC,2020,134,Amber,60,3,8.03,14.9,194,
LINC-2020,LINC,2020,135,Amber,120,3,9.92,20.6,219,
LINC-2020,LINC,2020,136,Amber,180,3,10.13,16.1,216,
LINC-2020,LINC,2020,137,Bolt,0,3,7.96,20.9,202,
LINC-2020,LINC,2020,138,Bolt,60,3,8.85,20.5,194,
LINC-2020,LINC,2020,139,Bolt,120,3,9.44,19.3,202,
LINC-2020,LINC,2020,140,Bolt,180,3,10.15,19.2,203,
LINC-2020,LINC,2020,141,Crest,0,3,7.63,21.4,184,
LINC-2020,LINC,2020,142,Crest,60,3,8.45,20.1,190,
LINC-2020,LINC,2020,143,Crest,120,3,8.41,15.4,195,
LINC-2020,LINC,2020,144,Crest,180,3,10.06,23.3,206,
LINC-2020,LINC,2020,145,Dune,0,3,7.94,21.0,197,
LINC-2020,LINC,2020,146,Dune,60,3,NA,22.1,208,plot lodged; not harvested
LINC-2020,LINC,2020,147,Dune,120,3,11.08,20.7,214,
LINC-2020,LINC,2020,148,Dune,180,3,11.33,19.0,232,
LINC-2021,LINC,2021,101,Amber,0,1,6.52,21.7,182,
LINC-2021,LINC,2021,102,Amber,60,1,8.78,20.9,186,
LINC-2021,LINC,2021,103,Amber,120,1,9.67,18.4,206,
LINC-2021,LINC,2021,104,Amber,180,1,9.59,23.2,216,
LINC-2021,LINC,2021,105,Bolt,0,1,6.77,20.0,173,
LINC-2021,LINC,2021,106,Bolt,60,1,9.73,15.2,201,
LINC-2021,LINC,2021,107,Bolt,120,1,9.93,15.2,223,
LINC-2021,LINC,2021,108,Bolt,180,1,10.68,18.9,211,
LINC-2021,LINC,2021,109,Crest,0,1,6.87,17.9,176,
LINC-2021,LINC,2021,110,Crest,60,1,8.83,16.6,196,
LINC-2021,LINC,2021,111,Crest,120,1,9.4,15.6,212,
LINC-2021,LINC,2021,112,Crest,180,1,8.83,18.2,205,
LINC-2021,LINC,2021,113,Dune,0,1,7.72,15.3,196,
LINC-2021,LINC,2021,114,Dune,60,1,9.46,18.5,203,
LINC-2021,LINC,2021,115,Dune,120,1,10.76,15.8,217,
LINC-2021,LINC,2021,116,Dune,180,1,10.57,23.1,212,
LINC-2021,LINC,2021,117,Amber,0,2,7.14,20.7,185,
LINC-2021,LINC,2021,118,Amber,60,2,9.19,15.7,205,
LINC-2021,LINC,2021,119,Amber,120,2,9.55,18.3,204,
LINC-2021,LINC,2021,120,Amber,180,2,8.97,14.5,204,
LINC-2021,LINC,2021,121,Bolt,0,2,7.8,16.6,193,
LINC-2021,LINC,2021,122,Bolt,60,2,9.08,19.4,214,
LINC-2021,LINC,2021,123,Bolt,120,2,9.92,17.3,209,
LINC-2021,LINC,2021,124,Bolt,180,2,10.68,16.6,230,
LINC-2021,LINC,2021,125,Crest,0,2,6.97,22.9,185,
LINC-2021,LINC,2021,126,Crest,60,2,7.31,21.7,209,
LINC-2021,LINC,2021,127,Crest,120,2,9.3,20.3,198,
LINC-2021,LINC,2021,128,Crest,180,2,9.38,20.3,230,
LINC-2021,LINC,2021,129,Dune,0,2,6.97,15.5,194,
LINC-2021,LINC,2021,130,Dune,60,2,9.58,18.3,215,
LINC-2021,LINC,2021,131,Dune,120,2,10.19,15.8,228,
LINC-2021,LINC,2021,132,Dune,180,2,9.74,20.6,207,
LINC-2021,LINC,2021,133,Amber,0,3,5.96,17.1,200,
LINC-2021,LINC,2021,134,Amber,60,3,8.87,14.9,198,
LINC-2021,LINC,2021,135,Amber,120,3,9.32,22.3,216,
LINC-2021,LINC,2021,136,Amber,180,3,9.5,20.2,222,
LINC-2021,LINC,2021,137,Bolt,0,3,8.19,15.6,198,
LINC-2021,LINC,2021,138,Bolt,60,3,9.65,18.1,209,
LINC-2021,LINC,2021,139,Bolt,120,3,11.0,16.1,217,
LINC-2021,LINC,2021,140,Bolt,180,3,10.87,18.6,227,
LINC-2021,LINC,2021,141,Crest,0,3,6.74,19.3,195,
LINC-2021,LINC,2021,142,Crest,60,3,7.68,23.8,197,
LINC-2021,LINC,2021,143,Crest,120,3,9.34,16.6,215,
LINC-2021,LINC,2021,144,Crest,180,3,9.38,17.2,213,
LINC-2021,LINC,2021,145,Dune,0,3,6.95,21.1,207,
LINC-2021,LINC,2021,146,Dune,60,3,9.91,14.9,215,
LINC-2021,LINC,2021,147,Dune,120,3,10.78,16.4,207,
LINC-2021,LINC,2021,148,Dune,180,3,10.64,15.0,224,
LINC-2022,LINC,2022,101,Amber,0,1,6.48,18.2,193,
LINC-2022,LINC,2022,102,Amber,60,1,8.18,20.9,203,
LINC-2022,LINC,2022,103,Amber,120,1,9.34,22.2,208,
LINC-2022,LINC,2022,104,Amber,180,1,9.9,22.3,206,
LINC-2022,LINC,2022,105,Bolt,0,1,7.95,14.8,187,
LINC-2022,LINC,2022,106,Bolt,60,1,9.08,21.2,200,
LINC-2022,LINC,2022,107,Bolt,120,1,10.84,14.7,227,
LINC-2022,LINC,2022,108,Bolt,180,1,10.15,17.4,216,
LINC-2022,LINC,2022,109,Crest,0,1,7.39,15.3,190,
LINC-2022,LINC,2022,110,Crest,60,1,7.62,16.2,206,
LINC-2022,LINC,2022,111,Crest,120,1,10.39,19.2,205,
LINC-2022,LINC,2022,112,Crest,180,1,9.72,21.5,205,
LINC-2022,LINC,2022,113,Dune,0,1,8.56,18.2,217,
LINC-2022,LINC,2022,114,Dune,60,1,9.83,20.5,206,
LINC-2022,LINC,2022,115,Dune,120,1,11.13,18.9,215,
LINC-2022,LINC,2022,116,Dune,180,1,11.06,21.6,211,
LINC-2022,LINC,2022,117,Amber,0,2,6.71,19.0,180,
LINC-2022,LINC,2022,118,Amber,60,2,8.55,15.5,197,
LINC-2022,LINC,2022,119,Amber,120,2,9.87,14.8,197,
LINC-2022,LINC,2022,120,Amber,180,2,10.35,18.0,221,
LINC-2022,LINC,2022,121,Bolt,0,2,8.06,17.5,211,
LINC-2022,LINC,2022,122,Bolt,60,2,9.4,19.2,207,
LINC-2022,LINC,2022,123,Bolt,120,2,10.23,16.2,218,
LINC-2022,LINC,2022,124,Bolt,180,2,10.05,16.1,206,
LINC-2022,LINC,2022,125,Crest,0,2,7.03,16.8,194,
LINC-2022,LINC,2022,126,Crest,60,2,8.08,19.9,200,
LINC-2022,LINC,2022,127,Crest,120,2,9.74,19.4,210,
LINC-2022,LINC,2022,128,Crest,180,2,9.85,21.6,215,
LINC-2022,LINC,2022,129,Dune,0,2,7.92,20.6,205,
LINC-2022,LINC,2022,130,Dune,60,2,9.17,21.0,212,
LINC-2022,LINC,2022,131,Dune,120,2,10.44,22.9,209,
LINC-2022,LINC,2022,132,Dune,180,2,10.88,20.2,218,
LINC-2022,LINC,2022,133,Amber,0,3,6.85,23.3,189,
LINC-2022,LINC,2022,134,Amber,60,3,8.49,19.2,207,
LINC-2022,LINC,2022,135,Amber,120,3,9.46,19.5,197,
LINC-2022,LINC,2022,136,Amber,180,3,9.07,19.4,217,
LINC-2022,LINC,2022,137,Bolt,0,3,7.88,18.5,209,
LINC-2022,LINC,2022,138,Bolt,60,3,9.3,18.4,206,
LINC-2022,LINC,2022,139,Bolt,120,3,10.51,16.4,210,
LINC-2022,LINC,2022,140,Bolt,180,3,10.31,18.4,230,
LINC-2022,LINC,2022,141,Crest,0,3,7.44,22.2,195,
LINC-2022,LINC,2022,142,Crest,60,3,8.67,20.5,206,
LINC-2022,LINC,2022,143,Crest,120,3,9.35,15.3,224,
LINC-2022,LINC,2022,144,Crest,180,3,9.12,16.1,202,
LINC-2022,LINC,2022,145,Dune,0,3,7.79,20.0,198,
LINC-2022,LINC,2022,146,Dune,60,3,8.66,21.1,223,
LINC-2022,LINC,2022,147,Dune,120,3,10.58,16.0,206,
LINC-2022,LINC,2022,148,Dune,180,3,10.98,23.2,218,
LINC-2023,LINC,2023,101,Amber,0,1,4.14,15.8,193,
LINC-2023,LINC,2023,102,Amber,60,1,6.94,22.3,208,
LINC-2023,LINC,2023,103,Amber,120,1,7.07,16.3,198,
LINC-2023,LINC,2023,104,Amber,180,1,7.29,16.5,196,
LINC-2023,LINC,2023,105,Bolt,0,1,5.19,15.2,208,
LINC-2023,LINC,2023,106,Bolt,60,1,7.74,23.2,229,
LINC-2023,LINC,2023,107,Bolt,120,1,7.19,21.1,209,
LINC-2023,LINC,2023,108,Bolt,180,1,7.93,18.0,226,
LINC-2023,LINC,2023,109,Crest,0,1,3.13,16.4,199,
LINC-2023,LINC,2023,110,Crest,60,1,6.63,17.1,213,
LINC-2023,LINC,2023,111,Crest,120,1,7.36,16.9,208,
LINC-2023,LINC,2023,112,Crest,180,1,7.24,20.0,213,
LINC-2023,LINC,2023,113,Dune,0,1,6.6,19.9,189,
LINC-2023,LINC,2023,114,Dune,60,1,7.8,18.9,222,
LINC-2023,LINC,2023,115,Dune,120,1,8.74,18.7,197,
LINC-2023,LINC,2023,116,Dune,180,1,8.11,20.5,240,
LINC-2023,LINC,2023,117,Amber,0,2,4.88,17.2,179,
LINC-2023,LINC,2023,118,Amber,60,2,7.07,18.1,220,
LINC-2023,LINC,2023,119,Amber,120,2,7.07,15.2,196,
LINC-2023,LINC,2023,120,Amber,180,2,6.69,22.8,220,
LINC-2023,LINC,2023,121,Bolt,0,2,5.13,15.8,182,
LINC-2023,LINC,2023,122,Bolt,60,2,7.46,17.6,221,
LINC-2023,LINC,2023,123,Bolt,120,2,7.53,15.7,209,
LINC-2023,LINC,2023,124,Bolt,180,2,9.05,16.4,200,
LINC-2023,LINC,2023,125,Crest,0,2,4.42,16.2,174,
LINC-2023,LINC,2023,126,Crest,60,2,5.68,19.4,209,
LINC-2023,LINC,2023,127,Crest,120,2,6.53,17.8,209,
LINC-2023,LINC,2023,128,Crest,180,2,7.51,16.2,219,
LINC-2023,LINC,2023,128,Crest,180,2,7.51,16.2,219,
LINC-2023,LINC,2023,129,Dune,0,2,4.79,15.4,196,
LINC-2023,LINC,2023,130,Dune,60,2,7.06,18.1,204,
LINC-2023,LINC,2023,131,Dune,120,2,9.0,15.0,219,
LINC-2023,LINC,2023,132,Dune,180,2,8.74,20.4,224,
LINC-2023,LINC,2023,133,Amber,0,3,4.89,17.9,213,
LINC-2023,LINC,2023,134,Amber,60,3,6.5,20.0,203,
LINC-2023,LINC,2023,135,Amber,120,3,6.4,19.2,188,
LINC-2023,LINC,2023,136,Amber,180,3,6.88,21.4,215,
LINC-2023,LINC,2023,137,Bolt,0,3,4.75,22.9,192,
LINC-2023,LINC,2023,138,Bolt,60,3,6.75,21.0,204,
LINC-2023,LINC,2023,139,Bolt,120,3,7.83,16.6,218,
LINC-2023,LINC,2023,140,Bolt,180,3,8.71,22.9,226,
LINC-2023,LINC,2023,141,Crest,0,3,4.11,14.6,171,
LINC-2023,LINC,2023,142,Crest,60,3,5.31,19.0,212,
LINC-2023,LINC,2023,143,Crest,120,3,8.0,23.1,216,
LINC-2023,LINC,2023,144,Crest,180,3,6.95,18.0,201,
LINC-2023,LINC,2023,145,Dune,0,3,5.16,17.9,211,
LINC-2023,LINC,2023,146,Dune,60,3,8.93,23.2,207,
LINC-2023,LINC,2023,147,Dune,120,3,7.87,20.4,222,
LINC-2023,LINC,2023,148,Dune,180,3,8.19,15.0,207,
LINC-2024,LINC,2024,101,Amber,0,1,6.91,15.4,197,
LINC-2024,LINC,2024,102,Amber,60,1,8.76,19.2,197,
LINC-2024,LINC,2024,103,Amber,120,1,9.32,14.9,210,
LINC-2024,LINC,2024,104,Amber,180,1,9.81,20.1,198,
LINC-2024,LINC,2024,105,Bolt,0,1,7.61,18.3,189,
LINC-2024,LINC,2024,106,Bolt,60,1,9.67,21.0,200,
LINC-2024,LINC,2024,107,Bolt,120,1,10.49,19.1,222,
LINC-2024,LINC,2024,108,Bolt,180,1,11.04,17.4,215,
LINC-2024,LINC,2024,109,Crest,0,1,6.94,21.4,171,
LINC-2024,LINC,2024,110,Crest,60,1,8.06,21.3,209,
LINC-2024,LINC,2024,111,Crest,120,1,8.76,22.4,203,
LINC-2024,LINC,2024,112,Crest,180,1,10.07,20.9,207,
LINC-2024,LINC,2024,113,Dune,0,1,7.67,18.3,185,
LINC-2024,LINC,2024,114,Dune,60,1,9.23,18.6,231,
LINC-2024,LINC,2024,115,Dune,120,1,9.68,19.9,208,
LINC-2024,LINC,2024,116,Dune,180,1,11.29,18.6,228,
LINC-2024,LINC,2024,117,Amber,0,2,6.7,18.0,195,
LINC-2024,LINC,2024,118,Amber,60,2,9.55,18.5,198,
LINC-2024,LINC,2024,119,Amber,120,2,10.3,21.2,215,
LINC-2024,LINC,2024,120,Amber,180,2,10.07,17.3,209,
LINC-2024,LINC,2024,121,Bolt,0,2,8.21,16.8,195,
LINC-2024,LINC,2024,122,Bolt,60,2,8.79,17.5,227,
LINC-2024,LINC,2024,123,Bolt,120,2,10.51,22.3,214,
LINC-2024,LINC,2024,124,Bolt,180,2,10.85,17.8,216,
LINC-2024,LINC,2024,125,Crest,0,2,6.27,17.9,185,
LINC-2024,LINC,2024,126,Crest,60,2,7.52,18.3,199,
LINC-2024,LINC,2024,127,Crest,120,2,10.41,17.0,214,
LINC-2024,LINC,2024,128,Crest,180,2,9.75,17.4,207,
LINC-2024,LINC,2024,129,Dune,0,2,7.49,18.2,193,
LINC-2024,LINC,2024,130,Dune,60,2,10.21,22.1,207,
LINC-2024,LINC,2024,131,Dune,120,2,10.59,21.1,223,
LINC-2024,LINC,2024,132,Dune,180,2,11.57,20.9,218,
LINC-2024,LINC,2024,133,Amber,0,3,7.52,19.9,192,
LINC-2024,LINC,2024,134,Amber,60,3,8.47,18.3,212,
LINC-2024,LINC,2024,135,Amber,120,3,9.01,19.6,201,
LINC-2024,LINC,2024,136,Amber,180,3,10.36,19.9,224,
LINC-2024,LINC,2024,137,Bolt,0,3,7.82,18.2,205,
LINC-2024,LINC,2024,138,Bolt,60,3,10.14,20.3,208,
LINC-2024,LINC,2024,139,Bolt,120,3,9.99,22.8,222,
LINC-2024,LINC,2024,140,Bolt,180,3,11.78,14.7,227,
LINC-2024,LINC,2024,141,Crest,0,3,6.56,21.0,193,
LINC-2024,LINC,2024,142,Crest,60,3,8.42,23.6,207,
LINC-2024,LINC,2024,143,Crest,120,3,9.65,15.6,191,
LINC-2024,LINC,2024,144,Crest,180,3,10.31,16.7,199,
LINC-2024,LINC,2024,145,Dune,0,3,7.84,14.8,201,
LINC-2024,LINC,2024,146,Dune,60,3,10.01,14.8,212,
LINC-2024,LINC,2024,147,Dune,120,3,10.77,21.5,221,
LINC-2024,LINC,2024,148,Dune,180,3,10.44,16.6,209,
MANH-2020,MANH,2020,101,Amber,0,1,5.55,18.0,189,
MANH-2020,MANH,2020,102,Amber,60,1,7.08,23.0,207,
MANH-2020,MANH,2020,103,Amber,120,1,8.12,20.1,198,
MANH-2020,MANH,2020,104,Amber,180,1,7.35,23.0,221,
MANH-2020,MANH,2020,105,Bolt,0,1,6.26,20.0,172,
MANH-2020,MANH,2020,106,Bolt,60,1,7.3,21.3,215,
MANH-2020,MANH,2020,107,Bolt,120,1,9.01,15.7,242,
MANH-2020,MANH,2020,108,Bolt,180,1,8.29,15.3,217,
MANH-2020,MANH,2020,109,Crest,0,1,4.89,23.7,197,
MANH-2020,MANH,2020,110,Crest,60,1,6.9,23.9,188,
MANH-2020,MANH,2020,111,Crest,120,1,7.02,23.8,206,
MANH-2020,MANH,2020,112,Crest,180,1,7.56,18.9,221,
MANH-2020,MANH,2020,113,Dune,0,1,6.87,21.2,195,
MANH-2020,MANH,2020,114,Dune,60,1,8.79,21.3,205,
MANH-2020,MANH,2020,115,Dune,120,1,8.19,15.0,227,
MANH-2020,MANH,2020,116,Dune,180,1,8.75,23.1,233,
MANH-2020,MANH,2020,117,Amber,0,2,5.11,15.0,196,
MANH-2020,MANH,2020,118,Amber,60,2,6.91,23.3,211,
MANH-2020,MANH,2020,119,Amber,120,2,7.65,18.2,211,
MANH-2020,MANH,2020,120,Amber,180,2,9.66,19.4,212,
MANH-2020,MANH,2020,121,Bolt,0,2,6.24,18.3,201,
MANH-2020,MANH,2020,122,Bolt,60,2,6.27,23.0,216,
MANH-2020,MANH,2020,123,Bolt,120,2,7.99,14.8,228,
MANH-2020,MANH,2020,124,Bolt,180,2,7.92,20.4,223,
MANH-2020,MANH,2020,125,Crest,0,2,4.56,18.7,198,
MANH-2020,MANH,2020,126,Crest,60,2,6.02,19.5,211,
MANH-2020,MANH,2020,127,Crest,120,2,7.47,17.2,227,
MANH-2020,MANH,2020,128,Crest,180,2,8.54,16.5,222,
MANH-2020,MANH,2020,129,Dune,0,2,5.88,21.6,188,
MANH-2020,MANH,2020,130,Dune,60,2,7.92,22.2,201,
MANH-2020,MANH,2020,131,Dune,120,2,9.3,23.8,203,
MANH-2020,MANH,2020,132,Dune,180,2,10.18,16.1,215,
MANH-2020,MANH,2020,133,Amber,0,3,5.34,17.9,189,
MANH-2020,MANH,2020,134,Amber,60,3,7.47,16.5,223,
MANH-2020,MANH,2020,135,Amber,120,3,6.79,23.8,221,
MANH-2020,MANH,2020,136,Amber,180,3,9.03,22.4,218,
MANH-2020,MANH,2020,137,Bolt,0,3,5.28,21.4,208,
MANH-2020,MANH,2020,138,Bolt,60,3,8.26,15.5,207,
MANH-2020,MANH,2020,139,Bolt,120,3,8.83,16.2,231,
MANH-2020,MANH,2020,140,Bolt,180,3,8.59,15.9,215,
MANH-2020,MANH,2020,141,Crest,0,3,5.44,22.2,207,
MANH-2020,MANH,2020,142,Crest,60,3,7.51,21.5,213,
MANH-2020,MANH,2020,143,Crest,120,3,8.25,19.9,203,
MANH-2020,MANH,2020,144,Crest,180,3,8.15,21.0,216,
MANH-2020,MANH,2020,145,Dune,0,3,5.94,18.2,185,
MANH-2020,MANH,2020,146,Dune,60,3,7.77,15.9,210,
MANH-2020,MANH,2020,147,Dune,120,3,NA,20.9,220,plot lodged; not harvested
MANH-2020,MANH,2020,148,Dune,180,3,8.99,19.8,227,
MANH-2021,MANH,2021,101,Amber,0,1,3.94,22.9,204,
MANH-2021,MANH,2021,102,Amber,60,1,6.36,16.7,203,
MANH-2021,MANH,2021,103,Amber,120,1,7.65,20.8,214,
MANH-2021,MANH,2021,104,Amber,180,1,7.62,18.2,207,
MANH-2021,MANH,2021,105,Bolt,0,1,4.71,19.3,198,
MANH-2021,MANH,2021,106,Bolt,60,1,NA,23.3,205,plot lodged; not harvested
MANH-2021,MANH,2021,107,Bolt,120,1,7.63,19.7,222,
MANH-2021,MANH,2021,108,Bolt,180,1,8.5,20.0,216,
MANH-2021,MANH,2021,109,Crest,0,1,4.72,19.3,176,
MANH-2021,MANH,2021,110,Crest,60,1,NA,19.9,197,plot lodged; not harvested
MANH-2021,MANH,2021,111,Crest,120,1,5.72,23.2,220,
MANH-2021,MANH,2021,112,Crest,180,1,6.07,23.3,214,
MANH-2021,MANH,2021,113,Dune,0,1,5.75,15.0,195,
MANH-2021,MANH,2021,114,Dune,60,1,6.78,21.4,208,
MANH-2021,MANH,2021,115,Dune,120,1,7.34,14.6,231,
MANH-2021,MANH,2021,116,Dune,180,1,7.91,23.0,210,
MANH-2021,MANH,2021,117,Amber,0,2,3.94,21.9,203,
MANH-2021,MANH,2021,118,Amber,60,2,6.55,15.5,204,
MANH-2021,MANH,2021,119,Amber,120,2,6.43,19.3,200,
MANH-2021,MANH,2021,120,Amber,180,2,6.17,22.6,197,
MANH-2021,MANH,2021,121,Bolt,0,2,5.63,22.8,191,
MANH-2021,MANH,2021,122,Bolt,60,2,7.49,22.3,201,
MANH-2021,MANH,2021,123,Bolt,120,2,7.11,14.8,214,
MANH-2021,MANH,2021,124,Bolt,180,2,7.43,22.9,212,
MANH-2021,MANH,2021,125,Crest,0,2,4.09,18.5,187,
MANH-2021,MANH,2021,126,Crest,60,2,5.86,21.9,198,
MANH-2021,MANH,2021,127,Crest,120,2,6.74,22.7,186,
MANH-2021,MANH,2021,128,Crest,180,2,7.07,15.5,199,
MANH-2021,MANH,2021,129,Dune,0,2,5.1,15.9,209,
MANH-2021,MANH,2021,130,Dune,60,2,7.48,19.3,203,
MANH-2021,MANH,2021,131,Dune,120,2,7.23,23.2,212,
MANH-2021,MANH,2021,132,Dune,180,2,8.2,23.5,221,
MANH-2021,MANH,2021,133,Amber,0,3,4.78,20.5,200,
MANH-2021,MANH,2021,134,Amber,60,3,6.48,14.6,209,
MANH-2021,MANH,2021,135,Amber,120,3,7.01,14.9,205,
MANH-2021,MANH,2021,136,Amber,180,3,7.51,15.2,207,
MANH-2021,MANH,2021,137,Bolt,0,3,5.11,16.5,194,
MANH-2021,MANH,2021,138,Bolt,60,3,6.09,20.4,220,
MANH-2021,MANH,2021,139,Bolt,120,3,7.65,21.7,216,
MANH-2021,MANH,2021,140,Bolt,180,3,8.47,19.6,210,
MANH-2021,MANH,2021,141,Crest,0,3,3.45,17.0,185,
MANH-2021,MANH,2021,142,Crest,60,3,6.11,19.9,189,
MANH-2021,MANH,2021,143,Crest,120,3,6.63,17.6,201,
MANH-2021,MANH,2021,144,Crest,180,3,6.81,18.1,214,
MANH-2021,MANH,2021,145,Dune,0,3,5.31,22.7,202,
MANH-2021,MANH,2021,146,Dune,60,3,7.06,18.0,225,
MANH-2021,MANH,2021,147,Dune,120,3,8.2,16.7,206,
MANH-2021,MANH,2021,148,Dune,180,3,8.29,22.5,217,
MANH-2022,MANH,2022,101,Amber,0,1,5.37,19.0,202,
MANH-2022,MANH,2022,102,Amber,60,1,6.81,20.0,197,
MANH-2022,MANH,2022,103,Amber,120,1,8.65,23.1,201,
MANH-2022,MANH,2022,104,Amber,180,1,9.54,21.4,211,
MANH-2022,MANH,2022,105,Bolt,0,1,NA,22.2,206,plot lodged; not harvested
MANH-2022,MANH,2022,106,Bolt,60,1,8.8,23.6,195,
MANH-2022,MANH,2022,107,Bolt,120,1,9.67,14.8,208,
MANH-2022,MANH,2022,108,Bolt,180,1,9.49,19.3,208,
MANH-2022,MANH,2022,109,Crest,0,1,5.35,16.1,187,
MANH-2022,MANH,2022,110,Crest,60,1,7.45,20.0,212,
MANH-2022,MANH,2022,111,Crest,120,1,8.53,19.3,209,
MANH-2022,MANH,2022,112,Crest,180,1,8.64,22.4,213,
MANH-2022,MANH,2022,113,Dune,0,1,6.56,20.6,180,
MANH-2022,MANH,2022,114,Dune,60,1,8.71,21.7,209,
MANH-2022,MANH,2022,115,Dune,120,1,8.85,23.9,208,
MANH-2022,MANH,2022,116,Dune,180,1,9.0,14.8,226,
MANH-2022,MANH,2022,117,Amber,0,2,5.5,16.1,181,
MANH-2022,MANH,2022,118,Amber,60,2,7.86,18.3,207,
MANH-2022,MANH,2022,119,Amber,120,2,8.03,18.1,215,
MANH-2022,MANH,2022,120,Amber,180,2,9.14,21.3,221,
MANH-2022,MANH,2022,121,Bolt,0,2,7.12,22.6,194,
MANH-2022,MANH,2022,122,Bolt,60,2,7.74,19.2,220,
MANH-2022,MANH,2022,123,Bolt,120,2,NA,21.0,214,plot lodged; not harvested
MANH-2022,MANH,2022,124,Bolt,180,2,8.93,17.1,224,
MANH-2022,MANH,2022,125,Crest,0,2,4.72,23.4,200,
MANH-2022,MANH,2022,126,Crest,60,2,8.1,17.9,199,
MANH-2022,MANH,2022,127,Crest,120,2,8.66,16.0,216,
MANH-2022,MANH,2022,128,Crest,180,2,7.55,19.1,211,
MANH-2022,MANH,2022,129,Dune,0,2,6.0,17.1,210,
MANH-2022,MANH,2022,130,Dune,60,2,8.04,15.9,216,
MANH-2022,MANH,2022,131,Dune,120,2,9.04,21.1,211,
MANH-2022,MANH,2022,132,Dune,180,2,9.13,19.1,230,
MANH-2022,MANH,2022,133,Amber,0,3,5.14,18.5,192,
MANH-2022,MANH,2022,134,Amber,60,3,7.29,23.9,210,
MANH-2022,MANH,2022,135,Amber,120,3,8.26,15.5,203,
MANH-2022,MANH,2022,136,Amber,180,3,8.87,21.7,202,
MANH-2022,MANH,2022,137,Bolt,0,3,6.52,21.5,213,
MANH-2022,MANH,2022,138,Bolt,60,3,8.41,15.7,201,
MANH-2022,MANH,2022,139,Bolt,120,3,8.35,22.0,212,
MANH-2022,MANH,2022,140,Bolt,180,3,9.74,17.7,221,
MANH-2022,MANH,2022,141,Crest,0,3,5.4,21.7,176,
MANH-2022,MANH,2022,142,Crest,60,3,7.42,14.7,206,
MANH-2022,MANH,2022,143,Crest,120,3,7.95,17.4,214,
MANH-2022,MANH,2022,144,Crest,180,3,8.5,20.1,199,
MANH-2022,MANH,2022,145,Dune,0,3,6.2,23.3,191,
MANH-2022,MANH,2022,146,Dune,60,3,8.6,15.4,198,
MANH-2022,MANH,2022,147,Dune,120,3,10.02,20.7,228,
MANH-2022,MANH,2022,148,Dune,180,3,9.99,21.4,216,
MANH-2023,MANH,2023,101,Amber,0,1,2.08,21.6,173,
MANH-2023,MANH,2023,102,Amber,60,1,5.29,16.3,187,
MANH-2023,MANH,2023,103,Amber,120,1,5.83,19.2,205,
MANH-2023,MANH,2023,104,Amber,180,1,6.13,19.6,214,
MANH-2023,MANH,2023,105,Bolt ,0,1,3.48,22.4,196,
MANH-2023,MANH,2023,106,Bolt,60,1,4.43,17.9,223,
MANH-2023,MANH,2023,107,Bolt,120,1,6.36,16.6,223,
MANH-2023,MANH,2023,108,Bolt,180,1,6.41,23.6,205,
MANH-2023,MANH,2023,109,Crest,0,1,2.26,15.2,182,
MANH-2023,MANH,2023,110,Crest,60,1,4.6,19.3,211,
MANH-2023,MANH,2023,111,Crest,120,1,4.89,19.1,208,
MANH-2023,MANH,2023,112,Crest,180,1,4.99,23.2,227,
MANH-2023,MANH,2023,113,Dune,0,1,3.0,16.2,179,
MANH-2023,MANH,2023,114,Dune,60,1,4.74,20.5,221,
MANH-2023,MANH,2023,115,Dune,120,1,5.99,14.7,217,
MANH-2023,MANH,2023,116,Dune,180,1,6.16,15.3,213,
MANH-2023,MANH,2023,117,Amber,0,2,1.65,20.8,192,
MANH-2023,MANH,2023,118,Amber,60,2,4.82,19.6,198,
MANH-2023,MANH,2023,119,Amber,120,2,5.68,15.5,208,
MANH-2023,MANH,2023,120,Amber,180,2,5.32,17.6,210,
MANH-2023,MANH,2023,121,Bolt,0,2,2.68,16.9,195,
MANH-2023,MANH,2023,122,Bolt,60,2,5.18,20.9,215,
MANH-2023,MANH,2023,123,Bolt,120,2,6.37,20.9,212,
MANH-2023,MANH,2023,124,Bolt,180,2,6.06,20.2,219,
MANH-2023,MANH,2023,125,Crest,0,2,1.58,22.4,180,
MANH-2023,MANH,2023,126,Crest,60,2,3.86,15.1,209,
MANH-2023,MANH,2023,127,Crest,120,2,5.15,17.9,194,
MANH-2023,MANH,2023,128,Crest,180,2,5.06,16.4,224,
MANH-2023,MANH,2023,129,Dune,0,2,3.42,19.6,185,
MANH-2023,MANH,2023,130,Dune,60,2,4.42,16.8,198,
MANH-2023,MANH,2023,131,Dune,120,2,6.1,24.0,221,
MANH-2023,MANH,2023,132,Dune,180,2,6.35,19.1,212,
MANH-2023,MANH,2023,133,Amber,0,3,2.47,19.1,175,
MANH-2023,MANH,2023,134,Amber,60,3,4.73,16.0,207,
MANH-2023,MANH,2023,135,Amber,120,3,4.05,22.2,221,
MANH-2023,MANH,2023,136,Amber,180,3,5.28,15.9,202,
MANH-2023,MANH,2023,137,Bolt,0,3,3.59,15.7,197,
MANH-2023,MANH,2023,138,Bolt,60,3,4.39,16.6,182,
MANH-2023,MANH,2023,139,Bolt,120,3,5.14,19.7,213,
MANH-2023,MANH,2023,140,Bolt,180,3,5.56,16.3,210,
MANH-2023,MANH,2023,141,Crest,0,3,2.91,17.9,183,
MANH-2023,MANH,2023,142,Crest,60,3,5.33,15.4,202,
MANH-2023,MANH,2023,143,Crest,120,3,4.88,22.2,209,
MANH-2023,MANH,2023,144,Crest,180,3,4.97,16.1,195,
MANH-2023,MANH,2023,145,Dune,0,3,3.58,16.2,203,
MANH-2023,MANH,2023,146,Dune,60,3,4.7,15.9,211,
MANH-2023,MANH,2023,147,Dune,120,3,6.19,23.4,210,
MANH-2023,MANH,2023,148,Dune,180,3,6.62,16.6,221,
MANH-2024,MANH,2024,101,Amber,0,1,5.62,22.7,199,
MANH-2024,MANH,2024,102,Amber,60,1,NA,19.4,201,plot lodged; not harvested
MANH-2024,MANH,2024,103,Amber,120,1,8.48,20.8,229,
MANH-2024,MANH,2024,104,Amber,180,1,8.56,16.0,220,
MANH-2024,MANH,2024,105,Bolt,0,1,5.3,19.7,199,
MANH-2024,MANH,2024,106,Bolt,60,1,8.24,20.0,194,
MANH-2024,MANH,2024,107,Bolt,120,1,8.41,15.4,207,
MANH-2024,MANH,2024,108,Bolt,180,1,7.65,20.6,218,
MANH-2024,MANH,2024,109,Crest,0,1,5.39,24.0,192,
MANH-2024,MANH,2024,110,Crest,60,1,7.43,22.2,193,
MANH-2024,MANH,2024,111,Crest,120,1,7.88,15.1,216,
MANH-2024,MANH,2024,112,Crest,180,1,8.06,22.9,200,
MANH-2024,MANH,2024,113,Dune,0,1,7.0,19.3,202,
MANH-2024,MANH,2024,114,Dune,60,1,8.05,16.4,210,
MANH-2024,MANH,2024,115,Dune,120,1,9.27,20.7,222,
MANH-2024,MANH,2024,116,Dune,180,1,9.22,23.2,216,
MANH-2024,MANH,2024,117,Amber,0,2,7.69,23.5,195,
MANH-2024,MANH,2024,118,Amber,60,2,7.43,16.9,201,
MANH-2024,MANH,2024,119,Amber,120,2,8.65,22.5,198,
MANH-2024,MANH,2024,120,Amber,180,2,9.6,21.6,203,
MANH-2024,MANH,2024,121,Bolt,0,2,6.25,21.2,190,
MANH-2024,MANH,2024,122,Bolt,60,2,8.65,19.9,216,
MANH-2024,MANH,2024,123,Bolt,120,2,8.86,18.3,208,
MANH-2024,MANH,2024,124,Bolt,180,2,9.36,23.7,207,
MANH-2024,MANH,2024,125,Crest,0,2,5.99,17.4,191,
MANH-2024,MANH,2024,126,Crest,60,2,7.01,19.3,201,
MANH-2024,MANH,2024,127,Crest,120,2,7.96,21.0,219,
MANH-2024,MANH,2024,128,Crest,180,2,8.45,23.5,196,
MANH-2024,MANH,2024,129,Dune,0,2,6.94,16.6,197,
MANH-2024,MANH,2024,130,Dune,60,2,9.23,16.3,199,
MANH-2024,MANH,2024,131,Dune,120,2,9.68,19.7,228,
MANH-2024,MANH,2024,132,Dune,180,2,9.72,21.2,226,
MANH-2024,MANH,2024,133,Amber,0,3,5.97,20.0,202,
MANH-2024,MANH,2024,134,Amber,60,3,7.61,22.6,198,
MANH-2024,MANH,2024,135,Amber,120,3,9.2,15.8,215,
MANH-2024,MANH,2024,136,Amber,180,3,9.12,21.8,218,
MANH-2024,MANH,2024,137,Bolt,0,3,6.72,17.7,192,
MANH-2024,MANH,2024,138,Bolt,60,3,8.61,19.4,204,
MANH-2024,MANH,2024,139,Bolt,120,3,8.67,19.5,226,
MANH-2024,MANH,2024,140,Bolt,180,3,8.59,18.9,219,
MANH-2024,MANH,2024,141,Crest,0,3,5.15,15.5,193,
MANH-2024,MANH,2024,142,Crest,60,3,7.36,18.1,193,
MANH-2024,MANH,2024,143,Crest,120,3,8.15,23.5,204,
MANH-2024,MANH,2024,144,Crest,180,3,8.38,18.3,208,
MANH-2024,MANH,2024,145,Dune,0,3,6.11,22.9,198,
MANH-2024,MANH,2024,146,Dune,60,3,7.88,22.7,208,
MANH-2024,MANH,2024,147,Dune,120,3,8.46,20.0,212,
MANH-2024,MANH,2024,148,Dune,180,3,10.19,18.6,213,
STPL-2020,STPL,2020,101,Amber,0,1,7.85,19.5,188,
STPL-2020,STPL,2020,102,Amber,60,1,8.49,21.3,204,
STPL-2020,STPL,2020,103,Amber,120,1,9.25,15.6,214,
STPL-2020,STPL,2020,104,Amber,180,1,10.18,15.0,212,
STPL-2020,STPL,2020,105,Bolt,0,1,6.85,20.3,186,
STPL-2020,STPL,2020,106,Bolt,60,1,9.54,19.8,216,
STPL-2020,STPL,2020,107,Bolt,120,1,10.03,16.3,216,
STPL-2020,STPL,2020,108,Bolt,180,1,10.72,19.5,207,
STPL-2020,STPL,2020,109,Crest,0,1,7.04,20.3,195,
STPL-2020,STPL,2020,110,Crest,60,1,7.91,22.9,221,
STPL-2020,STPL,2020,111,Crest,120,1,NA,20.5,195,plot lodged; not harvested
STPL-2020,STPL,2020,112,Crest,180,1,10.66,22.5,202,
STPL-2020,STPL,2020,113,Dune,0,1,7.56,14.8,188,
STPL-2020,STPL,2020,114,Dune,60,1,10.02,18.3,215,
STPL-2020,STPL,2020,115,Dune,120,1,9.97,14.5,216,
STPL-2020,STPL,2020,116,Dune,180,1,11.07,15.4,237,
STPL-2020,STPL,2020,117,Amber,0,2,6.83,17.1,208,
STPL-2020,STPL,2020,118,Amber,60,2,8.84,14.6,201,
STPL-2020,STPL,2020,119,Amber,120,2,10.22,21.5,203,
STPL-2020,STPL,2020,120,Amber,180,2,9.97,22.8,205,
STPL-2020,STPL,2020,121,Bolt,0,2,7.87,15.2,203,
STPL-2020,STPL,2020,122,Bolt,60,2,9.2,14.8,200,
STPL-2020,STPL,2020,123,Bolt,120,2,9.69,16.3,208,
STPL-2020,STPL,2020,124,Bolt,180,2,9.75,18.4,225,
STPL-2020,STPL,2020,125,Crest,0,2,7.13,14.5,193,
STPL-2020,STPL,2020,126,Crest ,60,2,8.3,16.6,196,
STPL-2020,STPL,2020,127,Crest,120,2,10.36,21.2,202,
STPL-2020,STPL,2020,128,Crest,180,2,9.5,20.0,216,
STPL-2020,STPL,2020,129,Dune,0,2,7.95,17.9,192,
STPL-2020,STPL,2020,130,Dune,60,2,9.63,20.6,205,
STPL-2020,STPL,2020,131,Dune,120,2,11.23,17.8,236,
STPL-2020,STPL,2020,132,Dune,180,2,11.29,19.3,226,
STPL-2020,STPL,2020,133,Amber,0,3,7.14,17.2,179,
STPL-2020,STPL,2020,134,Amber,60,3,8.29,18.0,195,
STPL-2020,STPL,2020,135,Amber,120,3,9.32,15.1,199,
STPL-2020,STPL,2020,136,Amber,180,3,10.81,15.6,227,
STPL-2020,STPL,2020,137,Bolt,0,3,8.35,24.0,183,
STPL-2020,STPL,2020,138,Bolt,60,3,9.92,21.3,215,
STPL-2020,STPL,2020,139,Bolt,120,3,10.02,15.4,209,
STPL-2020,STPL,2020,140,Bolt,180,3,10.69,16.6,213,
STPL-2020,STPL,2020,141,Crest,0,3,6.63,15.7,178,
STPL-2020,STPL,2020,142,Crest,60,3,8.27,16.6,193,
STPL-2020,STPL,2020,143,Crest,120,3,8.9,22.8,204,
STPL-2020,STPL,2020,144,Crest,180,3,9.39,15.5,214,
STPL-2020,STPL,2020,145,Dune,0,3,7.93,,194,
STPL-2020,STPL,2020,146,Dune,60,3,10.23,19.5,209,
STPL-2020,STPL,2020,147,Dune,120,3,10.03,22.7,203,
STPL-2020,STPL,2020,148,Dune,180,3,11.36,21.7,218,
STPL-2021,STPL,2021,101,Amber,0,1,6.42,17.4,201,
STPL-2021,STPL,2021,102,Amber,60,1,8.91,18.9,214,
STPL-2021,STPL,2021,103,Amber,120,1,9.55,21.1,216,
STPL-2021,STPL,2021,104,amber,180,1,9.48,16.8,218,
STPL-2021,STPL,2021,105,Bolt,0,1,7.91,21.8,182,
STPL-2021,STPL,2021,106,Bolt,60,1,8.98,21.5,191,
STPL-2021,STPL,2021,107,Bolt,120,1,10.72,17.0,223,
STPL-2021,STPL,2021,108,Bolt,180,1,10.56,22.1,208,
STPL-2021,STPL,2021,109,Crest,0,1,6.34,16.9,196,
STPL-2021,STPL,2021,110,Crest,60,1,8.47,15.7,205,
STPL-2021,STPL,2021,111,Crest,120,1,9.46,15.9,210,
STPL-2021,STPL,2021,112,Crest,180,1,11.19,22.7,202,
STPL-2021,STPL,2021,113,Dune,0,1,8.97,22.3,197,
STPL-2021,STPL,2021,114,Dune,60,1,9.04,18.9,213,
STPL-2021,STPL,2021,115,Dune,120,1,10.39,20.5,216,
STPL-2021,STPL,2021,116,Dune,180,1,10.64,16.3,219,
STPL-2021,STPL,2021,117,Amber,0,2,6.96,18.6,186,
STPL-2021,STPL,2021,118,Amber,60,2,8.5,20.9,197,
STPL-2021,STPL,2021,119,Amber,120,2,10.32,20.7,210,
STPL-2021,STPL,2021,120,Amber,180,2,10.53,16.4,226,
STPL-2021,STPL,2021,121,Bolt,0,2,8.34,17.9,197,
STPL-2021,STPL,2021,122,Bolt,60,2,8.66,21.7,216,
STPL-2021,STPL,2021,123,Bolt,120,2,9.92,16.3,218,
STPL-2021,STPL,2021,124,Bolt,180,2,10.38,17.1,214,
STPL-2021,STPL,2021,125,Crest,0,2,6.68,16.0,187,
STPL-2021,STPL,2021,126,Crest,60,2,9.75,19.8,199,
STPL-2021,STPL,2021,127,Crest,120,2,10.76,16.2,216,
STPL-2021,STPL,2021,128,Crest,180,2,9.41,16.1,225,
STPL-2021,STPL,2021,129,Dune,0,2,6.66,22.9,179,
STPL-2021,STPL,2021,130,Dune,60,2,10.62,17.7,209,
STPL-2021,STPL,2021,131,Dune,120,2,11.68,17.7,212,
STPL-2021,STPL,2021,132,Dune,180,2,11.53,21.2,232,
STPL-2021,STPL,2021,133,Amber,0,3,6.71,15.0,195,
STPL-2021,STPL,2021,134,Amber,60,3,8.72,23.6,203,
STPL-2021,STPL,2021,135,Amber,120,3,10.19,17.3,210,
STPL-2021,STPL,2021,136,Amber,180,3,NA,14.9,205,plot lodged; not harvested
STPL-2021,STPL,2021,137,Bolt,0,3,7.38,17.0,189,
STPL-2021,STPL,2021,138,Bolt,60,3,9.48,17.7,210,
STPL-2021,STPL,2021,139,Bolt,120,3,10.88,23.6,218,
STPL-2021,STPL,2021,140,Bolt,180,3,10.9,16.7,218,
STPL-2021,STPL,2021,141,Crest,0,3,6.93,21.0,185,
STPL-2021,STPL,2021,142,Crest,60,3,9.35,18.1,211,
STPL-2021,STPL,2021,143,Crest,120,3,8.96,17.5,209,
STPL-2021,STPL,2021,144,Crest,180,3,9.99,18.4,215,
STPL-2021,STPL,2021,145,Dune,0,3,8.63,22.0,189,
STPL-2021,STPL,2021,146,Dune,60,3,10.0,15.2,208,
STPL-2021,STPL,2021,147,Dune,120,3,10.83,22.7,214,
STPL-2021,STPL,2021,148,Dune,180,3,11.25,18.1,198,
STPL-2022,STPL,2022,101,Amber,0,1,7.96,20.4,192,
STPL-2022,STPL,2022,102,Amber,60,1,8.98,20.9,195,
STPL-2022,STPL,2022,103,Amber,120,1,9.0,14.6,208,
STPL-2022,STPL,2022,104,Amber,180,1,10.9,14.7,214,
STPL-2022,STPL,2022,105,Bolt,0,1,8.51,,196,
STPL-2022,STPL,2022,106,Bolt,60,1,9.58,14.6,212,
STPL-2022,STPL,2022,107,Bolt,120,1,10.46,21.0,206,
STPL-2022,STPL,2022,108,Bolt,180,1,12.35,19.0,222,
STPL-2022,STPL,2022,109,Crest,0,1,7.09,21.8,192,
STPL-2022,STPL,2022,110,Crest,60,1,8.5,20.2,207,
STPL-2022,STPL,2022,111,Crest,120,1,10.51,19.7,215,
STPL-2022,STPL,2022,112,Crest,180,1,9.56,22.7,203,
STPL-2022,STPL,2022,113,Dune,0,1,7.97,23.0,184,
STPL-2022,STPL,2022,114,Dune,60,1,10.26,23.5,213,
STPL-2022,STPL,2022,115,Dune,120,1,11.18,19.2,215,
STPL-2022,STPL,2022,116,Dune,180,1,11.57,18.6,224,
STPL-2022,STPL,2022,117,Amber,0,2,7.99,23.8,185,
STPL-2022,STPL,2022,118,Amber,60,2,9.09,17.9,208,
STPL-2022,STPL,2022,119,Amber,120,2,9.66,14.5,213,
STPL-2022,STPL,2022,120,Amber,180,2,10.05,14.8,230,
STPL-2022,STPL,2022,121,Bolt,0,2,8.48,23.8,183,
STPL-2022,STPL,2022,122,Bolt,60,2,9.24,20.5,214,
STPL-2022,STPL,2022,123,Bolt,120,2,9.78,22.0,222,
STPL-2022,STPL,2022,124,Bolt,180,2,NA,23.8,214,plot lodged; not harvested
STPL-2022,STPL,2022,125,Crest,0,2,7.79,19.0,184,
STPL-2022,STPL,2022,126,Crest,60,2,9.51,22.8,220,
STPL-2022,STPL,2022,127,Crest,120,2,9.26,23.8,214,
STPL-2022,STPL,2022,128,Crest,180,2,9.14,21.8,218,
STPL-2022,STPL,2022,129,Dune,0,2,8.92,21.2,190,
STPL-2022,STPL,2022,130,Dune,60,2,10.04,17.7,218,
STPL-2022,STPL,2022,131,Dune,120,2,11.09,18.4,208,
STPL-2022,STPL,2022,132,Dune,180,2,11.23,21.9,225,
STPL-2022,STPL,2022,133,Amber,0,3,NA,21.1,198,plot lodged; not harvested
STPL-2022,STPL,2022,134,Amber,60,3,8.73,18.6,199,
STPL-2022,STPL,2022,135,Amber,120,3,11.51,23.3,198,
STPL-2022,STPL,2022,136,Amber,180,3,9.51,18.0,210,
STPL-2022,STPL,2022,137,Bolt,0,3,8.25,18.2,201,
STPL-2022,STPL,2022,138,Bolt,60,3,10.07,15.8,199,
STPL-2022,STPL,2022,139,Bolt,120,3,9.81,21.1,205,
STPL-2022,STPL,2022,140,Bolt,180,3,11.98,23.4,220,
STPL-2022,STPL,2022,141,Crest,0,3,7.17,17.0,184,
STPL-2022,STPL,2022,142,Crest,60,3,NA,23.1,197,plot lodged; not harvested
STPL-2022,STPL,2022,143,Crest,120,3,9.21,17.0,219,
STPL-2022,STPL,2022,144,Crest,180,3,8.52,16.7,224,
STPL-2022,STPL,2022,145,Dune,0,3,7.04,16.0,197,
STPL-2022,STPL,2022,146,Dune,60,3,9.9,22.7,220,
STPL-2022,STPL,2022,147,Dune,120,3,11.1,23.8,218,
STPL-2022,STPL,2022,148,Dune,180,3,11.42,21.1,231,
STPL-2023,STPL,2023,101,Amber,0,1,5.44,17.9,186,
STPL-2023,STPL,2023,102,Amber,60,1,8.03,18.3,200,
STPL-2023,STPL,2023,103,Amber,120,1,8.84,18.5,217,
STPL-2023,STPL,2023,104,Amber,180,1,8.92,23.2,231,
STPL-2023,STPL,2023,105,Bolt,0,1,5.72,21.0,177,
STPL-2023,STPL,2023,106,Bolt,60,1,8.01,22.7,209,
STPL-2023,STPL,2023,107,bolt,120,1,9.45,18.3,215,
STPL-2023,STPL,2023,108,Bolt,180,1,8.39,23.5,221,
STPL-2023,STPL,2023,109,Crest,0,1,6.03,23.0,174,
STPL-2023,STPL,2023,110,Crest,60,1,7.08,19.1,192,
STPL-2023,STPL,2023,111,Crest,120,1,7.68,20.4,184,
STPL-2023,STPL,2023,112,Crest,180,1,8.95,21.4,196,
STPL-2023,STPL,2023,113,Dune,0,1,6.08,14.8,196,
STPL-2023,STPL,2023,114,Dune,60,1,8.12,22.8,197,
STPL-2023,STPL,2023,115,Dune,120,1,9.93,21.2,236,
STPL-2023,STPL,2023,116,Dune,180,1,NA,20.9,243,plot lodged; not harvested
STPL-2023,STPL,2023,117,Amber,0,2,6.02,16.3,199,
STPL-2023,STPL,2023,118,Amber,60,2,7.2,14.6,209,
STPL-2023,STPL,2023,119,Amber,120,2,8.63,23.1,208,
STPL-2023,STPL,2023,120,Amber,180,2,8.55,22.3,205,
STPL-2023,STPL,2023,121,Bolt,0,2,6.58,23.0,201,
STPL-2023,STPL,2023,122,Bolt,60,2,7.94,17.1,209,
STPL-2023,STPL,2023,123,Bolt,120,2,9.18,23.5,198,
STPL-2023,STPL,2023,124,Bolt,180,2,9.32,20.0,194,
STPL-2023,STPL,2023,125,Crest,0,2,5.45,18.3,197,
STPL-2023,STPL,2023,126,Crest,60,2,7.43,15.1,189,
STPL-2023,STPL,2023,127,Crest,120,2,9.03,23.6,221,
STPL-2023,STPL,2023,128,Crest,180,2,7.64,21.9,214,
STPL-2023,STPL,2023,129,Dune,0,2,7.08,15.4,201,
STPL-2023,STPL,2023,130,Dune,60,2,8.61,,202,
STPL-2023,STPL,2023,131,Dune,120,2,10.1,23.9,217,
STPL-2023,STPL,2023,132,Dune,180,2,10.42,19.1,218,
STPL-2023,STPL,2023,133,Amber,0,3,6.82,15.3,196,
STPL-2023,STPL,2023,134,Amber,60,3,8.34,16.2,207,
STPL-2023,STPL,2023,135,Amber,120,3,9.1,22.0,206,
STPL-2023,STPL,2023,136,Amber,180,3,8.32,18.5,204,
STPL-2023,STPL,2023,137,Bolt,0,3,6.41,14.9,198,
STPL-2023,STPL,2023,138,Bolt,60,3,8.13,,202,
STPL-2023,STPL,2023,139,Bolt,120,3,8.37,14.6,205,
STPL-2023,STPL,2023,140,Bolt,180,3,99.9,15.7,215,
STPL-2023,STPL,2023,141,Crest,0,3,5.58,14.6,182,
STPL-2023,STPL,2023,142,Crest,60,3,6.86,18.7,208,
STPL-2023,STPL,2023,143,Crest,120,3,8.24,14.9,203,
STPL-2023,STPL,2023,144,Crest,180,3,9.07,15.0,199,
STPL-2023,STPL,2023,145,Dune,0,3,6.96,15.4,218,
STPL-2023,STPL,2023,146,Dune,60,3,9.31,16.0,203,
STPL-2023,STPL,2023,147,Dune,120,3,9.73,14.7,223,
STPL-2023,STPL,2023,148,Dune,180,3,8.65,19.6,214,
STPL-2024,STPL,2024,101,Amber,0,1,7.4,21.7,202,
STPL-2024,STPL,2024,102,Amber,60,1,9.38,20.8,214,
STPL-2024,STPL,2024,103,Amber,120,1,9.77,15.5,205,
STPL-2024,STPL,2024,104,Amber,180,1,10.39,20.2,211,
STPL-2024,STPL,2024,105,Bolt,0,1,NA,21.6,175,plot lodged; not harvested
STPL-2024,STPL,2024,106,Bolt,60,1,9.39,16.5,212,
STPL-2024,STPL,2024,107,Bolt,120,1,10.35,19.9,212,
STPL-2024,STPL,2024,108,Bolt,180,1,10.19,16.7,214,
STPL-2024,STPL,2024,109,Crest,0,1,7.19,19.6,196,
STPL-2024,STPL,2024,110,Crest,60,1,8.08,18.6,200,
STPL-2024,STPL,2024,111,Crest,120,1,10.05,20.3,212,
STPL-2024,STPL,2024,112,Crest,180,1,10.26,17.7,231,
STPL-2024,STPL,2024,113,Dune,0,1,7.35,22.5,203,
STPL-2024,STPL,2024,114,Dune,60,1,9.06,14.8,207,
STPL-2024,STPL,2024,115,Dune,120,1,11.17,18.6,224,
STPL-2024,STPL,2024,116,Dune,180,1,11.11,20.1,212,
STPL-2024,STPL,2024,117,Amber,0,2,NA,20.7,173,plot lodged; not harvested
STPL-2024,STPL,2024,118,Amber,60,2,8.45,19.2,185,
STPL-2024,STPL,2024,119,Amber,120,2,10.55,19.8,212,
STPL-2024,STPL,2024,120,Amber,180,2,9.91,23.9,208,
STPL-2024,STPL,2024,121,Bolt,0,2,8.19,20.1,207,
STPL-2024,STPL,2024,122,Bolt,60,2,8.98,20.9,218,
STPL-2024,STPL,2024,123,Bolt,120,2,10.4,18.4,213,
STPL-2024,STPL,2024,124,Bolt,180,2,9.88,15.0,219,
STPL-2024,STPL,2024,125,Crest,0,2,7.37,19.2,189,
STPL-2024,STPL,2024,126,Crest,60,2,9.04,15.5,197,
STPL-2024,STPL,2024,127,Crest,120,2,9.84,18.8,212,
STPL-2024,STPL,2024,128,Crest,180,2,10.09,23.2,210,
STPL-2024,STPL,2024,129,Dune,0,2,7.66,20.0,198,
STPL-2024,STPL,2024,130,Dune,60,2,9.39,17.0,214,
STPL-2024,STPL,2024,131,Dune,120,2,10.45,21.5,216,
STPL-2024,STPL,2024,132,Dune,180,2,11.98,19.6,210,
STPL-2024,STPL,2024,133,Amber,0,3,7.53,14.9,203,
STPL-2024,STPL,2024,134,Amber,60,3,9.68,15.2,203,
STPL-2024,STPL,2024,135,Amber,120,3,10.14,19.1,209,
STPL-2024,STPL,2024,136,Amber,180,3,9.77,16.8,214,
STPL-2024,STPL,2024,137,Bolt,0,3,8.09,17.4,207,
STPL-2024,STPL,2024,138,Bolt,60,3,8.7,21.8,225,
STPL-2024,STPL,2024,139,Bolt,120,3,10.4,17.4,222,
STPL-2024,STPL,2024,140,Bolt,180,3,10.37,24.0,216,
STPL-2024,STPL,2024,141,Crest,0,3,7.34,20.7,186,
STPL-2024,STPL,2024,142,Crest,60,3,8.29,19.0,209,
STPL-2024,STPL,2024,143,Crest,120,3,9.39,16.5,206,
STPL-2024,STPL,2024,144,Crest,180,3,9.38,23.6,224,
STPL-2024,STPL,2024,145,Dune,0,3,8.15,16.1,201,
STPL-2024,STPL,2024,146,Dune,60,3,9.61,21.5,215,
STPL-2024,STPL,2024,147,Dune,120,3,11.23,20.4,207,
STPL-2024,STPL,2024,148,Dune,180,3,10.93,22.9,208,
URBN-2020,URBN,2020,101,Amber,0,1,9.62,20.1,180,
URBN-2020,URBN,2020,102,Amber,60,1,9.67,23.1,206,
URBN-2020,URBN,2020,103,Amber,120,1,11.11,16.1,220,
URBN-2020,URBN,2020,104,Amber,180,1,11.58,18.2,207,
URBN-2020,URBN,2020,105,Bolt,0,1,9.96,17.6,189,
URBN-2020,URBN,2020,106,Bolt,60,1,10.05,18.2,211,
URBN-2020,URBN,2020,107,Bolt,120,1,12.37,24.0,212,
URBN-2020,URBN,2020,108,Bolt,180,1,12.55,20.7,210,
URBN-2020,URBN,2020,109,Crest,0,1,NA,23.7,178,plot lodged; not harvested
URBN-2020,URBN,2020,110,Crest,60,1,11.58,19.8,201,
URBN-2020,URBN,2020,111,Crest,120,1,11.68,19.3,220,
URBN-2020,URBN,2020,112,Crest,180,1,10.99,21.2,220,
URBN-2020,URBN,2020,113,Dune,0,1,9.33,20.6,201,
URBN-2020,URBN,2020,114,Dune,60,1,11.56,21.3,204,
URBN-2020,URBN,2020,115,Dune,120,1,11.64,18.6,235,
URBN-2020,URBN,2020,116,Dune,180,1,12.1,15.2,221,
URBN-2020,URBN,2020,117,Amber,0,2,8.27,21.1,188,
URBN-2020,URBN,2020,118,Amber,60,2,11.18,23.2,216,
URBN-2020,URBN,2020,119,Amber,120,2,11.34,22.0,202,
URBN-2020,URBN,2020,120,Amber,180,2,11.97,16.2,203,
URBN-2020,URBN,2020,121,Bolt,0,2,8.35,15.2,197,
URBN-2020,URBN,2020,122,Bolt,60,2,10.88,14.9,221,
URBN-2020,URBN,2020,123,Bolt,120,2,13.04,14.8,219,
URBN-2020,URBN,2020,124,Bolt,180,2,11.56,15.9,198,
URBN-2020,URBN,2020,125,Crest,0,2,8.55,17.7,184,
URBN-2020,URBN,2020,126,Crest,60,2,9.33,,196,
URBN-2020,URBN,2020,127,Crest,120,2,11.2,22.7,202,
URBN-2020,URBN,2020,128,Crest,180,2,11.97,22.0,207,
URBN-2020,URBN,2020,129,Dune,0,2,9.55,17.5,189,
URBN-2020,URBN,2020,130,Dune,60,2,11.7,18.4,215,
URBN-2020,URBN,2020,131,Dune,120,2,11.59,20.8,224,
URBN-2020,URBN,2020,132,Dune,180,2,12.47,18.5,211,
URBN-2020,URBN,2020,133,Amber,0,3,7.5,20.8,191,
URBN-2020,URBN,2020,134,Amber,60,3,11.4,18.8,203,
URBN-2020,URBN,2020,135,Amber,120,3,12.34,18.3,205,
URBN-2020,URBN,2020,136,AMBER,180,3,11.5,21.3,209,
URBN-2020,URBN,2020,137,Bolt,0,3,9.4,20.9,211,
URBN-2020,URBN,2020,138,Bolt,60,3,11.56,23.7,188,
URBN-2020,URBN,2020,139,Bolt,120,3,12.86,15.8,221,
URBN-2020,URBN,2020,140,Bolt,180,3,12.75,15.8,221,
URBN-2020,URBN,2020,141,Crest,0,3,8.05,18.5,175,
URBN-2020,URBN,2020,142,Crest,60,3,10.89,17.9,198,
URBN-2020,URBN,2020,143,Crest,120,3,11.3,19.8,203,
URBN-2020,URBN,2020,144,Crest,180,3,11.13,14.9,203,
URBN-2020,URBN,2020,145,Dune,0,3,9.95,16.5,197,
URBN-2020,URBN,2020,146,Dune,60,3,11.25,14.7,209,
URBN-2020,URBN,2020,147,Dune,120,3,12.47,21.1,212,
URBN-2020,URBN,2020,148,Dune,180,3,12.7,23.7,223,
URBN-2021,URBN,2021,101,Amber,0,1,7.43,17.6,188,
URBN-2021,URBN,2021,102,Amber,60,1,9.35,15.1,191,
URBN-2021,URBN,2021,103,Amber,120,1,10.98,21.6,209,
URBN-2021,URBN,2021,104,Amber,180,1,9.61,20.7,222,
URBN-2021,URBN,2021,105,Bolt,0,1,8.33,21.4,192,
URBN-2021,URBN,2021,106,Bolt,60,1,10.61,19.6,204,
URBN-2021,URBN,2021,107,Bolt,120,1,10.87,15.3,211,
URBN-2021,URBN,2021,108,Bolt,180,1,10.98,19.5,214,
URBN-2021,URBN,2021,109,Crest,0,1,6.25,22.3,189,
URBN-2021,URBN,2021,110,Crest,60,1,9.34,16.3,202,
URBN-2021,URBN,2021,111,Crest,120,1,9.73,22.1,196,
URBN-2021,URBN,2021,112,Crest,180,1,10.78,20.7,191,
URBN-2021,URBN,2021,113,Dune,0,1,7.98,15.7,201,
URBN-2021,URBN,2021,114,Dune,60,1,NA,19.4,198,plot lodged; not harvested
URBN-2021,URBN,2021,115,Dune,120,1,11.39,22.1,219,
URBN-2021,URBN,2021,116,Dune,180,1,11.02,19.2,224,
URBN-2021,URBN,2021,117,Amber,0,2,7.96,15.8,193,
URBN-2021,URBN,2021,118,Amber,60,2,9.53,,206,
URBN-2021,URBN,2021,119,Amber,120,2,9.26,16.2,225,
URBN-2021,URBN,2021,120,Amber,180,2,10.69,22.7,216,
URBN-2021,URBN,2021,121,Bolt,0,2,7.34,16.6,187,
URBN-2021,URBN,2021,122,Bolt,60,2,10.17,20.2,225,
URBN-2021,URBN,2021,123,Bolt,120,2,9.71,23.4,214,
URBN-2021,URBN,2021,124,Bolt,180,2,10.87,15.0,229,
URBN-2021,URBN,2021,125,Crest,0,2,6.32,21.2,186,
URBN-2021,URBN,2021,126,Crest,60,2,9.18,15.2,188,
URBN-2021,URBN,2021,127,Crest,120,2,8.75,20.1,211,
URBN-2021,URBN,2021,128,Crest,180,2,10.98,20.3,204,
URBN-2021,URBN,2021,129,Dune,0,2,8.81,23.7,172,
URBN-2021,URBN,2021,130,Dune,60,2,9.96,22.6,226,
URBN-2021,URBN,2021,131,Dune,120,2,11.51,22.3,219,
URBN-2021,URBN,2021,132,Dune,180,2,11.27,15.1,224,
URBN-2021,URBN,2021,133,Amber,0,3,7.34,18.5,177,
URBN-2021,URBN,2021,134,Amber,60,3,9.76,17.9,212,
URBN-2021,URBN,2021,135,Amber,120,3,9.4,15.9,214,
URBN-2021,URBN,2021,136,Amber,180,3,10.78,21.7,216,
URBN-2021,URBN,2021,137,Bolt,0,3,7.43,19.7,192,
URBN-2021,URBN,2021,138,Bolt,60,3,10.57,16.8,211,
URBN-2021,URBN,2021,139,Bolt,120,3,9.36,23.6,194,
URBN-2021,URBN,2021,140,Bolt,180,3,11.73,21.4,206,
URBN-2021,URBN,2021,141,Crest,0,3,7.17,17.3,166,
URBN-2021,URBN,2021,142,Crest,60,3,9.37,23.8,206,
URBN-2021,URBN,2021,143,Crest,120,3,9.97,16.3,205,
URBN-2021,URBN,2021,144,Crest,180,3,10.39,18.1,209,
URBN-2021,URBN,2021,145,Dune,0,3,9.07,21.5,211,
URBN-2021,URBN,2021,146,Dune,60,3,9.79,23.8,218,
URBN-2021,URBN,2021,147,Dune,120,3,12.12,22.7,214,
URBN-2021,URBN,2021,148,Dune,180,3,11.24,20.2,224,
URBN-2022,URBN,2022,101,Amber,0,1,9.06,16.3,172,
URBN-2022,URBN,2022,102,Amber,60,1,11.2,20.0,209,
URBN-2022,URBN,2022,103,Amber,120,1,11.58,23.5,207,
URBN-2022,URBN,2022,104,Amber,180,1,11.53,18.0,211,
URBN-2022,URBN,2022,105,Bolt,0,1,8.84,18.1,193,
URBN-2022,URBN,2022,106,Bolt,60,1,10.89,18.4,203,
URBN-2022,URBN,2022,107,Bolt,120,1,11.9,23.0,221,
URBN-2022,URBN,2022,108,Bolt,180,1,12.26,23.4,228,
URBN-2022,URBN,2022,109,Crest,0,1,7.78,19.6,193,
URBN-2022,URBN,2022,110,Crest,60,1,9.52,23.1,205,
URBN-2022,URBN,2022,111,Crest,120,1,11.1,,209,
URBN-2022,URBN,2022,112,Crest,180,1,11.5,18.0,209,
URBN-2022,URBN,2022,113,Dune,0,1,10.19,21.7,205,
URBN-2022,URBN,2022,114,Dune,60,1,12.02,23.2,219,
URBN-2022,URBN,2022,115,Dune,120,1,12.13,18.6,229,
URBN-2022,URBN,2022,116,Dune,180,1,12.23,21.8,214,
URBN-2022,URBN,2022,117,Amber,0,2,8.53,21.5,176,
URBN-2022,URBN,2022,118,Amber,60,2,10.3,21.6,220,
URBN-2022,URBN,2022,119,Amber,120,2,NA,20.6,222,plot lodged; not harvested
URBN-2022,URBN,2022,120,Amber,180,2,12.63,15.1,204,
URBN-2022,URBN,2022,121,Bolt,0,2,8.74,19.8,184,
URBN-2022,URBN,2022,122,Bolt,60,2,11.31,16.4,220,
URBN-2022,URBN,2022,123,Bolt,120,2,13.82,23.2,225,
URBN-2022,URBN,2022,124,Bolt,180,2,11.52,23.0,212,
URBN-2022,URBN,2022,125,Crest,0,2,8.63,19.8,213,
URBN-2022,URBN,2022,126,Crest,60,2,10.37,21.9,189,
URBN-2022,URBN,2022,127,Crest,120,2,NA,21.8,191,plot lodged; not harvested
URBN-2022,URBN,2022,128,Crest,180,2,11.5,20.3,209,
URBN-2022,URBN,2022,129,Dune,0,2,9.61,15.4,188,
URBN-2022,URBN,2022,130,Dune,60,2,11.62,19.6,217,
URBN-2022,URBN,2022,131,Dune,120,2,12.73,17.8,218,
URBN-2022,URBN,2022,132,Dune,180,2,11.46,19.2,201,
URBN-2022,URBN,2022,133,Amber,0,3,9.01,18.3,185,
URBN-2022,URBN,2022,134,Amber,60,3,10.92,23.6,206,
URBN-2022,URBN,2022,135,Amber,120,3,11.15,20.9,207,
URBN-2022,URBN,2022,136,Amber,180,3,11.22,16.6,200,
URBN-2022,URBN,2022,137,Bolt,0,3,10.11,19.0,201,
URBN-2022,URBN,2022,138,Bolt,60,3,11.06,22.2,221,
URBN-2022,URBN,2022,139,Bolt,120,3,11.79,17.3,211,
URBN-2022,URBN,2022,140,Bolt,180,3,12.49,15.0,225,
URBN-2022,URBN,2022,141,Crest,0,3,7.86,16.1,191,
URBN-2022,URBN,2022,142,Crest,60,3,9.49,21.7,199,
URBN-2022,URBN,2022,143,Crest,120,3,10.73,22.5,183,
URBN-2022,URBN,2022,144,Crest,180,3,10.99,17.5,206,
URBN-2022,URBN,2022,145,Dune,0,3,9.61,22.5,200,
URBN-2022,URBN,2022,146,Dune,60,3,11.02,23.6,220,
URBN-2022,URBN,2022,147,Dune,120,3,11.99,22.9,220,
URBN-2022,URBN,2022,148,Dune,180,3,13.38,18.4,229,
URBN-2023,URBN,2023,101,Amber,0,1,8.12,15.4,202,
URBN-2023,URBN,2023,102,Amber,60,1,10.94,23.2,210,
URBN-2023,URBN,2023,103,AMBER,120,1,11.77,18.9,214,
URBN-2023,URBN,2023,104,Amber,180,1,12.03,15.0,212,
URBN-2023,URBN,2023,105,Bolt,0,1,9.75,17.5,183,
URBN-2023,URBN,2023,106,Bolt,60,1,11.52,21.5,210,
URBN-2023,URBN,2023,107,Bolt,120,1,11.17,15.5,230,
URBN-2023,URBN,2023,108,Bolt,180,1,11.93,22.7,208,
URBN-2023,URBN,2023,109,Crest,0,1,8.82,21.9,202,
URBN-2023,URBN,2023,110,Crest,60,1,10.15,19.6,196,
URBN-2023,URBN,2023,111,Crest,120,1,11.95,15.1,209,
URBN-2023,URBN,2023,112,Crest,180,1,11.93,23.9,210,
URBN-2023,URBN,2023,113,Dune,0,1,10.03,20.6,206,
URBN-2023,URBN,2023,114,Dune,60,1,11.54,22.5,228,
URBN-2023,URBN,2023,115,Dune,120,1,12.39,21.4,210,
URBN-2023,URBN,2023,116,Dune,180,1,12.65,21.9,224,
URBN-2023,URBN,2023,117,Amber,0,2,9.09,19.0,188,
URBN-2023,URBN,2023,118,Amber,60,2,10.53,17.1,194,
URBN-2023,URBN,2023,119,Amber,120,2,11.38,18.5,210,
URBN-2023,URBN,2023,120,Amber,180,2,11.0,15.6,210,
URBN-2023,URBN,2023,121,Bolt,0,2,9.42,17.4,193,
URBN-2023,URBN,2023,122,Bolt,60,2,11.23,21.3,223,
URBN-2023,URBN,2023,123,Bolt,120,2,11.72,23.9,221,
URBN-2023,URBN,2023,124,Bolt,180,2,11.72,19.3,225,
URBN-2023,URBN,2023,125,Crest,0,2,8.21,21.4,194,
URBN-2023,URBN,2023,126,Crest,60,2,10.17,18.8,202,
URBN-2023,URBN,2023,127,Crest,120,2,11.37,22.2,202,
URBN-2023,URBN,2023,128,Crest,180,2,11.42,21.7,211,
URBN-2023,URBN,2023,129,Dune,0,2,9.34,18.2,186,
URBN-2023,URBN,2023,130,Dune,60,2,11.25,22.0,210,
URBN-2023,URBN,2023,131,Dune,120,2,11.1,16.8,215,
URBN-2023,URBN,2023,132,Dune,180,2,11.51,18.5,216,
URBN-2023,URBN,2023,133,Amber,0,3,8.67,17.3,187,
URBN-2023,URBN,2023,134,Amber,60,3,10.99,20.6,224,
URBN-2023,URBN,2023,135,Amber,120,3,11.35,21.2,208,
URBN-2023,URBN,2023,136,Amber,180,3,11.06,,209,
URBN-2023,URBN,2023,137,Bolt,0,3,8.48,19.2,184,
URBN-2023,URBN,2023,138,Bolt,60,3,11.66,18.6,209,
URBN-2023,URBN,2023,139,Bolt,120,3,11.62,14.8,211,
URBN-2023,URBN,2023,140,Bolt,180,3,12.08,15.0,224,
URBN-2023,URBN,2023,141,Crest,0,3,8.09,22.2,176,
URBN-2023,URBN,2023,142,Crest,60,3,9.7,,190,
URBN-2023,URBN,2023,143,Crest,120,3,11.6,15.0,199,
URBN-2023,URBN,2023,144,Crest,180,3,11.78,20.6,194,
URBN-2023,URBN,2023,145,Dune,0,3,9.17,20.2,200,
URBN-2023,URBN,2023,146,Dune,60,3,9.95,21.7,213,
URBN-2023,URBN,2023,147,Dune,120,3,13.15,23.6,214,
URBN-2023,URBN,2023,148,Dune,180,3,12.91,23.8,204,
URBN-2024,URBN,2024,101,Amber,0,1,9.0,18.3,197,
URBN-2024,URBN,2024,102,Amber,60,1,10.27,21.8,212,
URBN-2024,URBN,2024,103,Amber,120,1,11.4,22.0,205,
URBN-2024,URBN,2024,104,Amber,180,1,11.23,22.4,211,
URBN-2024,URBN,2024,105,Bolt,0,1,9.96,23.0,215,
URBN-2024,URBN,2024,106,Bolt,60,1,10.93,19.7,223,
URBN-2024,URBN,2024,107,Bolt,120,1,12.03,17.7,193,
URBN-2024,URBN,2024,108,Bolt,180,1,12.0,23.0,229,
URBN-2024,URBN,2024,109,Crest,0,1,8.23,18.5,189,
URBN-2024,URBN,2024,110,Crest,60,1,9.39,20.6,219,
URBN-2024,URBN,2024,111,Crest,120,1,11.57,22.9,199,
URBN-2024,URBN,2024,112,Crest,180,1,11.82,15.0,212,
URBN-2024,URBN,2024,113,Dune,0,1,10.06,15.2,208,
URBN-2024,URBN,2024,114,Dune,60,1,11.82,23.2,214,
URBN-2024,URBN,2024,115,Dune,120,1,12.37,18.8,222,
URBN-2024,URBN,2024,116,Dune,180,1,13.72,18.1,220,
URBN-2024,URBN,2024,117,Amber,0,2,7.54,21.5,198,
URBN-2024,URBN,2024,118,Amber,60,2,10.5,14.8,199,
URBN-2024,URBN,2024,119,Amber,120,2,11.59,19.2,203,
URBN-2024,URBN,2024,120,Amber,180,2,11.44,16.5,222,
URBN-2024,URBN,2024,121,Bolt,0,2,9.98,16.3,198,
URBN-2024,URBN,2024,122,Bolt,60,2,10.88,17.8,207,
URBN-2024,URBN,2024,123,Bolt,120,2,13.02,21.4,211,
URBN-2024,URBN,2024,124,Bolt,180,2,11.82,16.0,202,
URBN-2024,URBN,2024,125,Crest,0,2,9.18,22.3,189,
URBN-2024,URBN,2024,126,Crest,60,2,9.9,20.8,197,
URBN-2024,URBN,2024,127,Crest,120,2,11.27,18.5,218,
URBN-2024,URBN,2024,128,Crest,180,2,11.08,20.0,233,
URBN-2024,URBN,2024,129,Dune,0,2,9.48,16.2,192,
URBN-2024,URBN,2024,130,Dune,60,2,12.08,22.5,218,
URBN-2024,URBN,2024,131,Dune,120,2,12.0,16.7,209,
URBN-2024,URBN,2024,132,Dune,180,2,12.33,19.9,220,
URBN-2024,URBN,2024,133,Amber,0,3,8.57,16.7,193,
URBN-2024,URBN,2024,134,Amber,60,3,11.74,20.8,201,
URBN-2024,URBN,2024,135,Amber,120,3,11.89,19.7,212,
URBN-2024,URBN,2024,136,Amber,180,3,12.24,17.4,205,
URBN-2024,URBN,2024,137,Bolt,0,3,9.7,21.8,200,
URBN-2024,URBN,2024,138,Bolt,60,3,10.6,18.4,205,
URBN-2024,URBN,2024,139,Bolt,120,3,11.5,16.4,225,
URBN-2024,URBN,2024,140,Bolt,180,3,12.25,15.4,223,
URBN-2024,URBN,2024,141,Crest,0,3,8.29,16.4,188,
URBN-2024,URBN,2024,142,Crest,60,3,10.88,17.5,212,
URBN-2024,URBN,2024,143,Crest,120,3,11.15,23.3,222,
URBN-2024,URBN,2024,144,Crest,180,3,11.66,20.5,203,
URBN-2024,URBN,2024,145,Dune,0,3,10.15,22.8,179,
URBN-2024,URBN,2024,146,Dune,60,3,10.6,18.7,200,
URBN-2024,URBN,2024,147,Dune,120,3,12.81,17.8,224,
URBN-2024,URBN,2024,147,Dune,120,3,12.81,17.8,224,
URBN-2024,URBN,2024,148,Dune,180,3,13.57,16.2,218,
WLAF-2020,WLAF,2020,101,Amber,0,1,8.47,15.2,194,
WLAF-2020,WLAF,2020,102,Amber,60,1,10.46,21.9,202,
WLAF-2020,WLAF,2020,103,Amber,120,1,9.44,22.9,214,
WLAF-2020,WLAF,2020,104,Amber,180,1,11.57,14.9,204,
WLAF-2020,WLAF,2020,105,Bolt,0,1,8.11,21.3,197,
WLAF-2020,WLAF,2020,106,Bolt,60,1,9.55,20.7,198,
WLAF-2020,WLAF,2020,107,Bolt,120,1,11.85,23.1,210,
WLAF-2020,WLAF,2020,108,Bolt,180,1,11.38,17.9,222,
WLAF-2020,WLAF,2020,109,Crest,0,1,8.51,16.4,206,
WLAF-2020,WLAF,2020,110,Crest,60,1,9.43,17.4,196,
WLAF-2020,WLAF,2020,111,Crest,120,1,10.2,16.4,209,
WLAF-2020,WLAF,2020,112,Crest,180,1,11.1,22.2,231,
WLAF-2020,WLAF,2020,113,Dune,0,1,9.25,17.0,182,
WLAF-2020,WLAF,2020,114,Dune,60,1,11.27,17.4,222,
WLAF-2020,WLAF,2020,115,Dune,120,1,12.82,23.1,214,
WLAF-2020,WLAF,2020,116,Dune,180,1,11.44,22.3,216,
WLAF-2020,WLAF,2020,117,Amber,0,2,8.07,15.6,187,
WLAF-2020,WLAF,2020,118,Amber,60,2,10.85,22.0,195,
WLAF-2020,WLAF,2020,119,Amber,120,2,10.43,23.4,194,
WLAF-2020,WLAF,2020,120,Amber,180,2,10.17,21.5,217,
WLAF-2020,WLAF,2020,121,Bolt,0,2,8.4,19.2,191,
WLAF-2020,WLAF,2020,122,Bolt,60,2,10.66,19.1,211,
WLAF-2020,WLAF,2020,123,Bolt,120,2,10.86,23.3,223,
WLAF-2020,WLAF,2020,124,Bolt,180,2,10.87,23.8,203,
WLAF-2020,WLAF,2020,125,Crest,0,2,6.65,16.7,173,
WLAF-2020,WLAF,2020,126,Crest,60,2,10.07,20.0,189,
WLAF-2020,WLAF,2020,127,Crest,120,2,9.98,16.9,208,
WLAF-2020,WLAF,2020,128,Crest,180,2,10.3,20.4,204,
WLAF-2020,WLAF,2020,129,Dune,0,2,8.91,20.0,197,
WLAF-2020,WLAF,2020,130,Dune,60,2,10.43,22.2,203,
WLAF-2020,WLAF,2020,131,Dune,120,2,11.23,15.4,214,
WLAF-2020,WLAF,2020,132,Dune,180,2,12.0,22.9,201,
WLAF-2020,WLAF,2020,133,Amber,0,3,7.26,19.6,181,
WLAF-2020,WLAF,2020,134,Amber,60,3,9.61,16.2,198,
WLAF-2020,WLAF,2020,135,Amber,120,3,11.48,15.3,204,
WLAF-2020,WLAF,2020,136,Amber,180,3,11.26,23.0,209,
WLAF-2020,WLAF,2020,137,Bolt,0,3,8.38,18.2,208,
WLAF-2020,WLAF,2020,138,Bolt,60,3,9.87,16.8,215,
WLAF-2020,WLAF,2020,139,Bolt,120,3,10.42,19.6,228,
WLAF-2020,WLAF,2020,140,Bolt,180,3,12.14,20.3,220,
WLAF-2020,WLAF,2020,141,Crest,0,3,8.68,15.2,188,
WLAF-2020,WLAF,2020,142,Crest,60,3,10.19,18.4,216,
WLAF-2020,WLAF,2020,143,Crest,120,3,10.27,23.1,214,
WLAF-2020,WLAF,2020,144,Crest,180,3,10.82,15.3,211,
WLAF-2020,WLAF,2020,145,Dune,0,3,9.87,23.4,186,
WLAF-2020,WLAF,2020,146,Dune,60,3,11.06,22.1,199,
WLAF-2020,WLAF,2020,147,Dune,120,3,11.4,18.9,228,
WLAF-2020,WLAF,2020,148,Dune,180,3,11.41,16.0,220,
WLAF-2021,WLAF,2021,101,Amber,0,1,8.19,20.8,181,
WLAF-2021,WLAF,2021,102,Amber,60,1,9.72,19.2,198,
WLAF-2021,WLAF,2021,103,Amber,120,1,11.56,23.9,210,
WLAF-2021,WLAF,2021,104,Amber,180,1,11.68,19.7,214,
WLAF-2021,WLAF,2021,105,Bolt,0,1,8.11,21.8,178,
WLAF-2021,WLAF,2021,106,Bolt,60,1,9.83,15.6,229,
WLAF-2021,WLAF,2021,107,Bolt,120,1,10.9,21.0,225,
WLAF-2021,WLAF,2021,108,Bolt,180,1,11.1,23.4,226,
WLAF-2021,WLAF,2021,109,Crest,0,1,7.44,21.5,176,
WLAF-2021,WLAF,2021,110,Crest,60,1,9.32,18.7,196,
WLAF-2021,WLAF,2021,111,Crest,120,1,11.59,14.5,205,
WLAF-2021,WLAF,2021,112,Crest,180,1,11.29,23.4,206,
WLAF-2021,WLAF,2021,113,Dune,0,1,8.72,20.4,196,
WLAF-2021,WLAF,2021,114,Dune,60,1,10.27,23.6,210,
WLAF-2021,WLAF,2021,115,DUNE,120,1,10.24,18.1,222,
WLAF-2021,WLAF,2021,116,Dune,180,1,11.48,14.9,230,
WLAF-2021,WLAF,2021,117,Amber,0,2,8.31,14.6,200,
WLAF-2021,WLAF,2021,118,Amber,60,2,9.96,22.5,213,
WLAF-2021,WLAF,2021,119,Amber,120,2,10.8,20.7,211,
WLAF-2021,WLAF,2021,120,Amber,180,2,10.83,22.6,202,
WLAF-2021,WLAF,2021,121,Bolt,0,2,7.65,23.0,186,
WLAF-2021,WLAF,2021,122,Bolt,60,2,11.37,20.8,215,
WLAF-2021,WLAF,2021,123,Bolt,120,2,10.14,23.2,207,
WLAF-2021,WLAF,2021,124,Bolt,180,2,11.07,24.0,217,
WLAF-2021,WLAF,2021,125,Crest,0,2,8.12,19.2,177,
WLAF-2021,WLAF,2021,126,Crest,60,2,9.8,15.0,205,
WLAF-2021,WLAF,2021,127,Crest,120,2,NA,17.8,195,plot lodged; not harvested
WLAF-2021,WLAF,2021,128,Crest,180,2,11.19,17.7,209,
WLAF-2021,WLAF,2021,129,Dune,0,2,8.58,16.9,206,
WLAF-2021,WLAF,2021,130,Dune,60,2,10.34,17.2,215,
WLAF-2021,WLAF,2021,131,Dune,120,2,11.51,22.5,231,
WLAF-2021,WLAF,2021,132,Dune,180,2,11.32,17.0,220,
WLAF-2021,WLAF,2021,133,Amber,0,3,8.37,15.8,184,
WLAF-2021,WLAF,2021,134,Amber,60,3,9.74,16.4,226,
WLAF-2021,WLAF,2021,135,Amber,120,3,10.93,22.5,201,
WLAF-2021,WLAF,2021,136,Amber,180,3,11.4,20.8,211,
WLAF-2021,WLAF,2021,137,Bolt,0,3,8.44,18.3,194,
WLAF-2021,WLAF,2021,138,Bolt,60,3,9.93,20.1,211,
WLAF-2021,WLAF,2021,139,Bolt,120,3,11.7,21.1,218,
WLAF-2021,WLAF,2021,140,Bolt,180,3,11.31,16.5,216,
WLAF-2021,WLAF,2021,141,Crest,0,3,NA,23.8,190,plot lodged; not harvested
WLAF-2021,WLAF,2021,142,Crest,60,3,10.23,15.4,189,
WLAF-2021,WLAF,2021,143,Crest,120,3,9.29,21.9,205,
WLAF-2021,WLAF,2021,144,Crest,180,3,10.87,20.3,211,
WLAF-2021,WLAF,2021,145,Dune,0,3,9.09,19.2,205,
WLAF-2021,WLAF,2021,146,Dune,60,3,10.67,22.3,223,
WLAF-2021,WLAF,2021,147,Dune,120,3,NA,17.3,228,plot lodged; not harvested
WLAF-2021,WLAF,2021,148,Dune,180,3,11.69,16.8,221,
WLAF-2022,WLAF,2022,101,Amber,0,1,8.56,15.5,197,
WLAF-2022,WLAF,2022,102,Amber,60,1,9.46,21.3,208,
WLAF-2022,WLAF,2022,103,Amber,120,1,11.11,22.5,236,
WLAF-2022,WLAF,2022,104,Amber,180,1,10.82,23.6,213,
WLAF-2022,WLAF,2022,105,Bolt,0,1,8.62,16.9,188,
WLAF-2022,WLAF,2022,106,Bolt,60,1,10.62,22.8,211,
WLAF-2022,WLAF,2022,107,Bolt,120,1,10.48,21.8,223,
WLAF-2022,WLAF,2022,108,Bolt,180,1,11.96,15.5,208,
WLAF-2022,WLAF,2022,109,Crest,0,1,7.78,19.1,194,
WLAF-2022,WLAF,2022,110,Crest,60,1,9.46,23.5,183,
WLAF-2022,WLAF,2022,111,Crest,120,1,10.4,15.4,218,
WLAF-2022,WLAF,2022,112,Crest,180,1,9.33,14.8,218,
WLAF-2022,WLAF,2022,113,Dune,0,1,8.87,20.3,196,
WLAF-2022,WLAF,2022,114,Dune,60,1,10.75,23.4,212,
WLAF-2022,WLAF,2022,115,Dune,120,1,12.2,20.1,222,
WLAF-2022,WLAF,2022,116,Dune,180,1,11.37,14.8,219,
WLAF-2022,WLAF,2022,117,Amber,0,2,8.69,21.2,183,
WLAF-2022,WLAF,2022,118,Amber,60,2,10.34,18.9,208,
WLAF-2022,WLAF,2022,119,Amber,120,2,10.88,19.1,204,
WLAF-2022,WLAF,2022,120,Amber,180,2,10.34,21.6,216,
WLAF-2022,WLAF,2022,121,Bolt,0,2,8.38,21.3,194,
WLAF-2022,WLAF,2022,122,Bolt,60,2,9.83,23.7,201,
WLAF-2022,WLAF,2022,123,Bolt,120,2,10.77,20.2,203,
WLAF-2022,WLAF,2022,124,Bolt,180,2,12.14,20.4,205,
WLAF-2022,WLAF,2022,125,Crest,0,2,7.26,21.3,192,
WLAF-2022,WLAF,2022,126,Crest,60,2,9.29,16.8,200,
WLAF-2022,WLAF,2022,127,Crest,120,2,10.12,21.1,220,
WLAF-2022,WLAF,2022,128,Crest,180,2,10.31,16.3,199,
WLAF-2022,WLAF,2022,129,Dune,0,2,9.78,18.0,185,
WLAF-2022,WLAF,2022,130,Dune,60,2,10.3,23.8,223,
WLAF-2022,WLAF,2022,131,Dune,120,2,10.85,14.7,214,
WLAF-2022,WLAF,2022,132,Dune,180,2,10.63,18.9,210,
WLAF-2022,WLAF,2022,133,Amber,0,3,7.81,24.0,175,
WLAF-2022,WLAF,2022,134,Amber,60,3,10.87,,213,
WLAF-2022,WLAF,2022,135,Amber,120,3,10.5,21.5,213,
WLAF-2022,WLAF,2022,136,Amber,180,3,10.9,22.1,210,
WLAF-2022,WLAF,2022,137,Bolt,0,3,8.45,19.5,200,
WLAF-2022,WLAF,2022,138,Bolt,60,3,10.35,18.1,206,
WLAF-2022,WLAF,2022,139,Bolt,120,3,12.2,23.2,208,
WLAF-2022,WLAF,2022,140,Bolt,180,3,10.55,15.6,221,
WLAF-2022,WLAF,2022,141,Crest,0,3,7.83,16.3,184,
WLAF-2022,WLAF,2022,142,Crest,60,3,9.56,19.8,200,
WLAF-2022,WLAF,2022,143,Crest,120,3,10.57,16.4,199,
WLAF-2022,WLAF,2022,144,Crest,180,3,11.34,17.5,188,
WLAF-2022,WLAF,2022,145,Dune,0,3,8.75,23.4,196,
WLAF-2022,WLAF,2022,146,Dune,60,3,10.06,23.6,217,
WLAF-2022,WLAF,2022,147,Dune,120,3,11.08,14.8,214,
WLAF-2022,WLAF,2022,148,Dune,180,3,12.36,22.9,217,
WLAF-2023,WLAF,2023,101,Amber,0,1,6.85,15.1,188,
WLAF-2023,WLAF,2023,102,Amber,60,1,8.23,23.7,202,
WLAF-2023,WLAF,2023,103,Amber,120,1,9.81,22.8,209,
WLAF-2023,WLAF,2023,104,Amber,180,1,8.54,14.9,220,
WLAF-2023,WLAF,2023,105,Bolt,0,1,7.32,20.6,213,
WLAF-2023,WLAF,2023,106,Bolt,60,1,8.48,15.7,214,
WLAF-2023,WLAF,2023,107,Bolt,120,1,9.31,19.5,239,
WLAF-2023,WLAF,2023,108,Bolt,180,1,9.43,22.9,216,
WLAF-2023,WLAF,2023,109,Crest,0,1,6.42,21.0,187,
WLAF-2023,WLAF,2023,110,Crest,60,1,8.95,20.5,195,
WLAF-2023,WLAF,2023,111,Crest,120,1,9.64,19.1,202,
WLAF-2023,WLAF,2023,112,Crest,180,1,8.06,17.5,192,
WLAF-2023,WLAF,2023,113,Dune,0,1,7.41,19.9,189,
WLAF-2023,WLAF,2023,114,Dune,60,1,9.51,18.8,218,
WLAF-2023,WLAF,2023,115,Dune,120,1,9.99,23.4,218,
WLAF-2023,WLAF,2023,116,Dune,180,1,10.06,18.2,217,
WLAF-2023,WLAF,2023,117,Amber,0,2,5.92,20.2,202,
WLAF-2023,WLAF,2023,118,Amber,60,2,7.7,,194,
WLAF-2023,WLAF,2023,119,Amber,120,2,10.52,15.9,219,
WLAF-2023,WLAF,2023,120,Amber,180,2,8.86,20.0,206,
WLAF-2023,WLAF,2023,121,bolt,0,2,7.09,17.5,197,
WLAF-2023,WLAF,2023,122,Bolt,60,2,9.54,20.8,198,
WLAF-2023,WLAF,2023,123,Bolt,120,2,9.71,22.8,215,
WLAF-2023,WLAF,2023,124,Bolt,180,2,10.38,21.8,217,
WLAF-2023,WLAF,2023,125,Crest,0,2,6.51,15.1,185,
WLAF-2023,WLAF,2023,126,Crest,60,2,8.53,18.3,197,
WLAF-2023,WLAF,2023,127,Crest,120,2,7.66,21.2,205,
WLAF-2023,WLAF,2023,128,Crest,180,2,8.78,21.7,218,
WLAF-2023,WLAF,2023,129,Dune,0,2,7.24,17.4,202,
WLAF-2023,WLAF,2023,130,Dune,60,2,9.97,23.7,212,
WLAF-2023,WLAF,2023,131,Dune,120,2,9.49,22.9,216,
WLAF-2023,WLAF,2023,132,Dune,180,2,9.94,15.3,233,
WLAF-2023,WLAF,2023,133,Amber,0,3,6.78,23.7,185,
WLAF-2023,WLAF,2023,134,Amber,60,3,7.26,18.2,210,
WLAF-2023,WLAF,2023,135,Amber,120,3,9.04,16.5,200,
WLAF-2023,WLAF,2023,136,Amber,180,3,8.94,22.7,191,
WLAF-2023,WLAF,2023,137,Bolt,0,3,6.68,14.6,179,
WLAF-2023,WLAF,2023,138,Bolt,60,3,8.86,18.4,225,
WLAF-2023,WLAF,2023,139,Bolt,120,3,10.12,15.9,209,
WLAF-2023,WLAF,2023,140,Bolt,180,3,9.36,22.6,217,
WLAF-2023,WLAF,2023,141,Crest,0,3,5.97,20.3,189,
WLAF-2023,WLAF,2023,142,Crest,60,3,7.91,16.6,211,
WLAF-2023,WLAF,2023,143,Crest,120,3,6.82,21.4,212,
WLAF-2023,WLAF,2023,144,Crest,180,3,9.48,16.3,201,
WLAF-2023,WLAF,2023,145,Dune,0,3,7.23,22.6,190,
WLAF-2023,WLAF,2023,146,Dune,60,3,9.28,19.7,207,
WLAF-2023,WLAF,2023,147,Dune,120,3,10.3,15.3,214,
WLAF-2023,WLAF,2023,148,Dune,180,3,10.08,15.5,203,
WLAF-2024,WLAF,2024,101,Amber,0,1,8.21,19.3,199,
WLAF-2024,WLAF,2024,102,Amber,60,1,8.98,20.6,185,
WLAF-2024,WLAF,2024,103,Amber,120,1,10.9,17.4,218,
WLAF-2024,WLAF,2024,104,Amber,180,1,9.77,17.6,218,
WLAF-2024,WLAF,2024,105,Bolt,0,1,8.53,22.0,193,
WLAF-2024,WLAF,2024,106,Bolt,60,1,9.53,15.7,195,
WLAF-2024,WLAF,2024,107,Bolt,120,1,9.86,14.8,205,
WLAF-2024,WLAF,2024,108,Bolt,180,1,12.23,21.2,198,
WLAF-2024,WLAF,2024,109,Crest,0,1,7.56,18.3,192,
WLAF-2024,WLAF,2024,110,Crest,60,1,9.16,15.1,216,
WLAF-2024,WLAF,2024,111,Crest,120,1,10.47,18.8,195,
WLAF-2024,WLAF,2024,112,Crest,180,1,9.62,19.0,200,
WLAF-2024,WLAF,2024,113,Dune,0,1,8.97,16.3,191,
WLAF-2024,WLAF,2024,114,Dune,60,1,10.41,23.6,202,
WLAF-2024,WLAF,2024,115,Dune,120,1,12.15,20.7,213,
WLAF-2024,WLAF,2024,116,Dune,180,1,12.16,16.4,225,
WLAF-2024,WLAF,2024,117,Amber,0,2,7.9,21.1,181,
WLAF-2024,WLAF,2024,118,Amber,60,2,9.44,14.8,189,
WLAF-2024,WLAF,2024,119,Amber,120,2,10.63,21.1,215,
WLAF-2024,WLAF,2024,120,Amber,180,2,10.51,19.6,209,
WLAF-2024,WLAF,2024,121,Bolt,0,2,8.81,21.6,189,
WLAF-2024,WLAF,2024,122,Bolt,60,2,10.26,14.7,202,
WLAF-2024,WLAF,2024,123,Bolt,120,2,9.28,15.6,204,
WLAF-2024,WLAF,2024,124,Bolt,180,2,11.84,19.0,204,
WLAF-2024,WLAF,2024,125,Crest,0,2,8.4,19.4,187,
WLAF-2024,WLAF,2024,126,Crest,60,2,9.97,16.9,193,
WLAF-2024,WLAF,2024,127,Crest,120,2,9.74,22.4,216,
WLAF-2024,WLAF,2024,128,Crest,180,2,10.93,,198,
WLAF-2024,WLAF,2024,129,Dune,0,2,9.61,23.7,183,
WLAF-2024,WLAF,2024,130,Dune,60,2,10.54,22.3,221,
WLAF-2024,WLAF,2024,131,Dune,120,2,10.65,15.9,216,
WLAF-2024,WLAF,2024,132,Dune,180,2,11.6,18.0,206,
WLAF-2024,WLAF,2024,133,Amber,0,3,8.54,14.7,187,
WLAF-2024,WLAF,2024,134,Amber,60,3,9.42,19.7,200,
WLAF-2024,WLAF,2024,135,Amber,120,3,10.64,18.2,204,
WLAF-2024,WLAF,2024,136,Amber,180,3,10.92,18.0,220,
WLAF-2024,WLAF,2024,137,Bolt,0,3,9.43,15.4,192,
WLAF-2024,WLAF,2024,138,Bolt,60,3,10.86,23.9,220,
WLAF-2024,WLAF,2024,139,Bolt,120,3,10.68,17.5,212,
WLAF-2024,WLAF,2024,140,Bolt,180,3,10.39,19.2,214,
WLAF-2024,WLAF,2024,141,Crest,0,3,7.01,15.7,187,
WLAF-2024,WLAF,2024,142,Crest,60,3,9.56,16.1,212,
WLAF-2024,WLAF,2024,143,Crest,120,3,10.95,19.1,209,
WLAF-2024,WLAF,2024,144,Crest,180,3,10.34,22.0,220,
WLAF-2024,WLAF,2024,145,Dune,0,3,7.82,22.2,222,
WLAF-2024,WLAF,2024,146,Dune,60,3,10.71,17.6,206,
WLAF-2024,WLAF,2024,147,Dune,120,3,11.33,20.1,209,
WLAF-2024,WLAF,2024,148,Dune,180,3,12.23,21.3,207,
