timestamp,logger_id,soil_moisture_pct,soil_temp_c,battery_v
2024-07-06T00:00,MANH-L02,21.97,18.07,3.79
2024-07-06T00:10,MANH-L02,21.94,18.02,3.79
2024-07-06T00:20,MANH-L02,21.93,18.0,3.8
2024-07-06T00:30,MANH-L02,21.96,17.83,3.8
2024-07-06T00:40,MANH-L02,21.93,17.65,3.81
2024-07-06T00:50,MANH-L02,21.9,17.92,3.8
2024-07-06T01:00,MANH-L02,21.87,17.14,3.8
2024-07-06T01:10,MANH-L02,21.83,17.46,3.8
2024-07-06T01:20,MANH-L02,21.89,16.66,3.8
2024-07-06T01:30,MANH-L02,21.82,17.19,3.81
2024-07-06T01:40,MANH-L02,21.87,17.06,3.81
2024-07-06T01:50,MANH-L02,21.81,17.05,3.79
2024-07-06T02:00,MANH-L02,21.77,17.76,3.81
2024-07-06T02:10,MANH-L02,21.81,17.12,3.8
2024-07-06T02:20,MANH-L02,21.76,17.02,3.8
2024-07-06T02:30,MANH-L02,21.77,16.8,3.79
2024-07-06T02:40,MANH-L02,21.8,16.89,3.79
2024-07-06T02:50,MANH-L02,21.79,17.15,3.8
2024-07-06T03:00,MANH-L02,21.8,17.27,3.8
2024-07-06T03:10,MANH-L02,21.81,16.93,3.8
2024-07-06T03:20,MANH-L02,21.83,16.85,3.82
2024-07-06T03:30,MANH-L02,21.84,17.05,3.8
2024-07-06T03:40,MANH-L02,21.79,16.95,3.8
2024-07-06T03:50,MANH-L02,21.74,16.73,3.79
2024-07-06T04:00,MANH-L02,21.83,17.18,3.79
2024-07-06T04:10,MANH-L02,21.98,16.93,3.81
2024-07-06T04:20,MANH-L02,21.94,17.17,3.78
2024-07-06T04:30,MANH-L02,21.9,16.97,3.8
2024-07-06T04:40,MANH-L02,21.9,17.02,3.79
2024-07-06T04:50,MANH-L02,21.88,17.47,3.81
2024-07-06T05:00,MANH-L02,21.92,17.73,3.8
2024-07-06T05:10,MANH-L02,21.89,17.54,3.79
2024-07-06T05:20,MANH-L02,21.93,17.11,3.79
2024-07-06T05:30,MANH-L02,21.85,17.6,3.8
2024-07-06T05:40,MANH-L02,21.82,17.95,3.8
2024-07-06T05:50,MANH-L02,21.87,18.05,3.8
2024-07-06T06:00,MANH-L02,21.93,17.58,3.81
2024-07-06T06:10,MANH-L02,21.93,18.24,3.82
2024-07-06T06:20,MANH-L02,21.97,18.87,3.8
2024-07-06T06:30,MANH-L02,22.01,18.26,3.8
2024-07-06T06:40,MANH-L02,22.0,18.33,3.8
2024-07-06T06:50,MANH-L02,21.97,18.45,3.8
2024-07-06T07:00,MANH-L02,22.08,19.04,3.78
2024-07-06T07:10,MANH-L02,22.01,18.34,3.79
2024-07-06T07:20,MANH-L02,ERR,19.18,3.8
2024-07-06T07:30,MANH-L02,22.06,19.48,3.81
2024-07-06T07:40,MANH-L02,22.02,20.04,3.79
2024-07-06T07:50,MANH-L02,22.02,20.08,3.8
2024-07-06T08:00,MANH-L02,22.02,20.2,3.8
2024-07-06T08:10,MANH-L02,22.02,20.46,3.79
2024-07-06T08:20,MANH-L02,21.98,20.04,3.81
2024-07-06T08:30,MANH-L02,22.01,20.91,3.8
2024-07-06T08:40,MANH-L02,21.92,20.5,3.8
2024-07-06T08:50,MANH-L02,21.8,20.84,3.8
2024-07-06T09:00,MANH-L02,21.78,21.26,3.79
2024-07-06T09:10,MANH-L02,21.74,21.38,3.79
2024-07-06T09:20,MANH-L02,21.68,21.18,3.82
2024-07-06T09:30,MANH-L02,21.73,21.62,3.81
2024-07-06T09:40,MANH-L02,21.82,21.9,3.8
2024-07-06T09:50,MANH-L02,21.78,21.91,3.8
2024-07-06T10:00,MANH-L02,21.85,22.02,3.78
2024-07-06T10:10,MANH-L02,21.76,22.57,3.79
2024-07-06T10:20,MANH-L02,21.7,22.56,3.8
2024-07-06T10:30,MANH-L02,21.69,22.77,3.82
2024-07-06T10:40,MANH-L02,21.76,23.25,3.81
2024-07-06T10:50,MANH-L02,21.77,23.04,3.79
2024-07-06T11:00,MANH-L02,21.76,22.72,3.8
2024-07-06T11:10,MANH-L02,21.78,23.14,3.8
2024-07-06T11:20,MANH-L02,21.82,22.95,3.8
2024-07-06T11:30,MANH-L02,21.79,23.79,3.79
2024-07-06T11:40,MANH-L02,21.78,23.43,3.79
2024-07-06T11:50,MANH-L02,21.71,23.69,3.79
2024-07-06T12:00,MANH-L02,21.73,23.97,3.82
2024-07-06T12:10,MANH-L02,21.7,24.16,3.81
2024-07-06T12:20,MANH-L02,21.61,23.89,3.81
2024-07-06T12:30,MANH-L02,21.65,24.2,3.8
2024-07-06T12:40,MANH-L02,21.73,24.02,3.78
2024-07-06T12:50,MANH-L02,21.73,24.12,3.79
2024-07-06T13:00,MANH-L02,21.74,24.57,3.8
2024-07-06T13:10,MANH-L02,21.72,24.03,3.79
2024-07-06T13:20,MANH-L02,21.7,24.53,3.82
2024-07-06T13:30,MANH-L02,21.62,25.23,3.77
2024-07-06T13:40,MANH-L02,21.57,24.34,3.8
2024-07-06T13:50,MANH-L02,21.57,24.59,3.79
2024-07-06T14:00,MANH-L02,21.49,24.96,3.81
2024-07-06T14:10,MANH-L02,21.54,25.26,3.8
2024-07-06T14:20,MANH-L02,21.65,24.99,3.81
2024-07-06T14:30,MANH-L02,21.68,25.46,3.8
2024-07-06T14:40,MANH-L02,21.65,25.09,3.81
2024-07-06T14:50,MANH-L02,21.64,25.26,3.79
2024-07-06T15:00,MANH-L02,21.61,25.1,3.83
2024-07-06T15:10,MANH-L02,21.56,25.34,3.79
2024-07-06T15:20,MANH-L02,21.56,24.53,3.8
2024-07-06T15:30,MANH-L02,21.62,25.14,3.81
2024-07-06T15:40,MANH-L02,21.65,25.03,3.8
2024-07-06T15:50,MANH-L02,21.68,25.15,3.81
2024-07-06T16:00,MANH-L02,21.68,24.82,3.78
2024-07-06T16:10,MANH-L02,21.74,24.81,3.81
2024-07-06T16:20,MANH-L02,21.75,24.78,3.79
2024-07-06T16:30,MANH-L02,21.75,25.18,3.78
2024-07-06T16:40,MANH-L02,21.8,24.84,3.81
2024-07-06T16:50,MANH-L02,21.85,25.12,3.8
2024-07-06T17:00,MANH-L02,21.75,24.8,3.82
2024-07-06T17:10,MANH-L02,21.83,24.2,3.79
2024-07-06T17:20,MANH-L02,21.85,24.49,3.79
2024-07-06T17:30,MANH-L02,21.84,24.03,3.8
2024-07-06T17:40,MANH-L02,21.88,23.75,3.8
2024-07-06T17:50,MANH-L02,21.92,23.71,3.8
2024-07-06T18:00,MANH-L02,22.01,24.62,3.83
2024-07-06T18:10,MANH-L02,22.04,23.33,3.79
2024-07-06T18:20,MANH-L02,22.11,23.39,3.8
2024-07-06T18:30,MANH-L02,22.13,23.9,3.79
2024-07-06T18:40,MANH-L02,22.13,23.21,3.8
2024-07-06T18:50,MANH-L02,22.09,23.29,3.8
2024-07-06T19:00,MANH-L02,22.05,22.81,3.79
2024-07-06T19:10,MANH-L02,22.02,22.89,3.8
2024-07-06T19:20,MANH-L02,22.04,22.85,3.8
2024-07-06T19:30,MANH-L02,22.15,22.73,3.8
2024-07-06T19:40,MANH-L02,22.19,22.72,3.8
2024-07-06T19:50,MANH-L02,22.21,21.38,3.82
2024-07-06T20:00,MANH-L02,22.18,21.93,3.8
2024-07-06T20:10,MANH-L02,22.21,21.6,3.78
2024-07-06T20:20,MANH-L02,22.32,21.38,3.8
2024-07-06T20:30,MANH-L02,22.29,21.97,3.8
2024-07-06T20:40,MANH-L02,22.23,21.11,3.8
2024-07-06T20:50,MANH-L02,22.2,21.32,3.82
2024-07-06T21:00,MANH-L02,22.17,20.77,3.83
2024-07-06T21:10,MANH-L02,22.15,20.92,3.81
2024-07-06T21:20,MANH-L02,22.17,20.46,3.81
2024-07-06T21:30,MANH-L02,22.14,20.77,3.8
2024-07-06T21:40,MANH-L02,22.13,20.1,3.81
2024-07-06T21:50,MANH-L02,22.22,20.15,3.8
2024-07-06T22:00,MANH-L02,22.16,19.87,3.81
2024-07-06T22:10,MANH-L02,22.11,19.43,3.79
2024-07-06T22:20,MANH-L02,22.1,19.63,3.8
2024-07-06T22:30,MANH-L02,22.07,19.61,3.8
2024-07-06T22:40,MANH-L02,21.99,19.62,3.79
2024-07-06T22:50,MANH-L02,21.94,19.44,3.8
2024-07-06T23:00,MANH-L02,21.94,18.9,3.79
2024-07-06T23:10,MANH-L02,21.93,19.04,3.8
2024-07-06T23:20,MANH-L02,21.85,18.9,3.82
2024-07-06T23:30,MANH-L02,21.88,18.81,3.81
2024-07-06T23:40,MANH-L02,21.84,18.23,3.81
2024-07-06T23:50,MANH-L02,21.8,18.45,3.79
