trial_id,site,year,plot,variety,n_rate_kg_ha,rep,yield_t_ha,grain_moisture_pct,plant_height_cm,notes
AMES-2023,AMES,2023,101,Amber,0,1,6.27,20.4,182,
AMES-2023,AMES,2023,102,Amber,60,1,8.87,21.0,196,
AMES-2023,AMES,2023,103,Amber,120,1,9.47,15.2,202,
AMES-2023,AMES,2023,104,Amber,180,1,9.44,21.5,207,
AMES-2023,AMES,2023,105,Bolt,0,1,6.11,19.5,203,
AMES-2023,AMES,2023,106,Bolt,60,1,8.02,22.8,236,
AMES-2023,AMES,2023,107,Bolt,120,1,11.33,20.4,224,
AMES-2023,AMES,2023,108,Bolt,180,1,8.82,19.1,219,
AMES-2023,AMES,2023,109,Crest,0,1,7.06,18.5,189,
AMES-2023,AMES,2023,110,Crest,60,1,8.54,16.1,207,
AMES-2023,AMES,2023,111,Crest,120,1,9.28,19.4,206,
AMES-2023,AMES,2023,112,Crest,180,1,9.43,23.5,206,
AMES-2023,AMES,2023,113,Dune,0,1,6.86,14.6,197,
AMES-2023,AMES,2023,114,Dune,60,1,8.7,14.6,222,
AMES-2023,AMES,2023,115,Dune,120,1,9.81,20.2,226,
AMES-2023,AMES,2023,116,Dune,180,1,11.61,19.0,204,
AMES-2023,AMES,2023,117,Amber,0,2,5.72,18.9,182,
AMES-2023,AMES,2023,118,Amber,60,2,8.58,16.7,202,
AMES-2023,AMES,2023,119,Amber,120,2,8.69,17.9,220,
AMES-2023,AMES,2023,120,Amber,180,2,9.54,17.7,224,
AMES-2023,AMES,2023,121,Bolt,0,2,7.4,15.5,182,
AMES-2023,AMES,2023,122,Bolt,60,2,9.01,21.8,202,
AMES-2023,AMES,2023,123,Bolt,120,2,10.04,22.8,233,
AMES-2023,AMES,2023,124,Bolt,180,2,8.77,,231,
AMES-2023,AMES,2023,125,Crest,0,2,5.44,16.5,185,
AMES-2023,AMES,2023,126,Crest,60,2,8.06,14.7,201,
AMES-2023,AMES,2023,127,Crest,120,2,9.48,21.5,198,
AMES-2023,AMES,2023,128,Crest,180,2,10.1,15.1,209,
AMES-2023,AMES,2023,129,Dune,0,2,7.36,22.3,206,
AMES-2023,AMES,2023,130,Dune,60,2,7.97,18.8,198,
AMES-2023,AMES,2023,131,Dune,120,2,10.76,16.6,220,
AMES-2023,AMES,2023,132,Dune,180,2,10.55,23.5,230,
AMES-2023,AMES,2023,133,Amber,0,3,6.46,16.8,190,
AMES-2023,AMES,2023,134,Amber,60,3,8.75,22.1,219,
AMES-2023,AMES,2023,135,Amber,120,3,8.84,20.0,208,
AMES-2023,AMES,2023,136,Amber,180,3,10.0,23.6,203,
AMES-2023,AMES,2023,137,Bolt,0,3,7.32,22.4,188,
AMES-2023,AMES,2023,138,Bolt,60,3,8.73,17.7,208,
AMES-2023,AMES,2023,139,Bolt,120,3,10.43,15.1,208,
AMES-2023,AMES,2023,140,Bolt,180,3,9.96,21.9,228,
AMES-2023,AMES,2023,141,Crest,0,3,6.6,17.3,167,
AMES-2023,AMES,2023,142,Crest,60,3,8.11,19.5,216,
AMES-2023,AMES,2023,143,Crest,120,3,8.58,17.4,217,
AMES-2023,AMES,2023,144,Crest,180,3,9.63,21.1,209,
AMES-2023,AMES,2023,145,Dune,0,3,6.56,17.4,213,
AMES-2023,AMES,2023,146,Dune,60,3,10.5,23.5,210,
AMES-2023,AMES,2023,147,Dune,120,3,10.22,20.9,226,
AMES-2023,AMES,2023,148,Dune,180,3,9.9,15.5,215,
