date,tmin_c,tmax_c,precip_mm,solar_mj_m2
2021-04-01,4.2,13.6,0.0,16.4
2021-04-02,7.0,16.9,0.0,18.2
2021-04-03,2.1,11.5,12.9,12.2
2021-04-04,0.3,14.3,0.0,8.9
2021-04-05,3.2,17.5,3.5,16.1
2021-04-06,6.2,15.2,5.7,10.3
2021-04-07,11.6,23.1,0.0,15.8
2021-04-08,4.8,15.1,0.0,12.4
2021-04-09,13.5,24.4,0.0,16.5
2021-04-10,4.3,16.9,0.6,19.5
2021-04-11,6.3,17.7,0.0,14.9
2021-04-12,-3.4,10.8,16.0,11.2
2021-04-13,9.2,17.8,9.8,16.4
2021-04-14,14.0,25.0,0.0,16.2
2021-04-15,8.4,18.6,0.0,18.8
2021-04-16,0.9,16.6,15.1,14.2
2021-04-17,6.9,18.9,0.0,13.6
2021-04-18,6.4,13.2,0.0,14.7
2021-04-19,6.8,13.5,0.0,15.1
2021-04-20,8.9,19.0,0.9,20.1
2021-04-21,5.2,16.9,0.0,19.2
2021-04-22,13.5,27.0,0.0,17.2
2021-04-23,13.0,23.7,0.0,20.6
2021-04-24,14.2,24.3,0.0,18.9
2021-04-25,2.3,17.3,0.0,17.1
2021-04-26,4.8,17.3,14.3,9.5
2021-04-27,12.9,27.3,0.0,21.3
2021-04-28,11.1,22.0,0.0,18.1
2021-04-29,8.0,19.5,0.0,18.5
2021-04-30,11.7,23.9,21.4,5.7
2021-05-01,12.7,24.4,0.0,15.2
2021-05-02,7.4,19.9,0.0,17.6
2021-05-03,18.0,29.4,0.0,17.9
2021-05-04,12.1,23.9,0.0,18.0
2021-05-05,10.6,23.0,0.0,21.4
2021-05-06,12.5,26.2,0.0,20.4
2021-05-07,14.6,26.4,0.0,20.8
2021-05-08,10.3,23.4,0.0,20.7
2021-05-09,16.9,25.2,0.5,22.7
2021-05-10,12.3,19.8,0.0,20.8
2021-05-11,6.6,20.9,0.0,19.0
2021-05-12,15.5,26.4,10.3,18.8
2021-05-13,14.0,29.1,0.0,19.5
2021-05-14,16.6,29.6,0.0,16.3
2021-05-15,15.7,28.8,2.4,21.7
2021-05-16,23.8,32.6,0.0,22.8
2021-05-17,20.6,27.1,7.6,17.3
2021-05-18,12.2,23.4,0.0,22.3
2021-05-19,13.4,23.3,7.5,15.4
2021-05-20,14.4,26.7,0.0,26.0
2021-05-21,22.8,32.5,0.0,19.2
2021-05-22,16.3,23.6,9.5,18.3
2021-05-23,17.2,29.1,0.0,23.0
2021-05-24,18.1,26.6,0.0,18.9
2021-05-25,18.5,29.6,0.0,17.9
2021-05-26,14.4,25.9,0.0,20.3
2021-05-27,16.2,25.5,0.0,21.7
2021-05-28,19.1,29.5,2.5,18.1
2021-05-29,17.9,28.9,0.0,19.7
2021-05-30,18.7,30.8,0.0,25.4
2021-05-31,19.1,30.0,-9999,16.4
2021-06-01,18.7,29.0,0.0,18.7
2021-06-02,15.1,27.7,0.0,19.6
2021-06-03,20.1,30.9,0.0,17.3
2021-06-04,14.7,24.1,0.0,21.3
2021-06-05,18.2,29.5,0.0,18.7
2021-06-06,17.8,26.5,12.0,20.8
2021-06-07,15.0,25.8,0.0,22.9
2021-06-08,23.3,39.3,6.3,15.0
2021-06-09,14.2,24.4,1.3,24.1
2021-06-10,15.6,27.8,0.0,23.9
2021-06-11,23.4,35.1,5.4,23.1
2021-06-12,22.1,30.5,8.2,19.3
2021-06-13,12.7,27.3,0.0,23.9
2021-06-14,16.5,30.8,0.0,26.8
2021-06-15,22.3,31.2,1.6,25.7
2021-06-16,23.5,32.2,0.0,18.1
2021-06-17,16.6,28.2,0.0,25.0
2021-06-18,25.9,35.2,1.3,20.6
2021-06-19,13.6,26.5,6.9,25.2
2021-06-20,17.7,29.9,4.2,22.8
2021-06-21,17.1,29.2,0.0,21.7
2021-06-22,21.6,31.3,0.0,21.7
2021-06-23,20.0,27.7,0.0,27.5
2021-06-24,16.9,27.5,0.0,22.1
2021-06-25,24.1,35.6,15.3,19.0
2021-06-26,12.8,24.4,0.0,28.5
2021-06-27,26.2,36.6,1.7,29.6
2021-06-28,22.6,33.7,0.0,24.4
2021-06-29,19.7,32.8,0.0,26.3
2021-06-30,11.6,21.0,0.0,19.8
2021-07-01,25.5,33.8,0.0,19.3
2021-07-02,24.1,33.1,10.1,19.1
2021-07-03,20.9,29.3,3.4,25.9
2021-07-04,20.3,31.7,0.0,19.8
2021-07-05,11.8,24.8,0.0,25.6
2021-07-06,10.5,24.4,0.0,19.8
2021-07-07,14.6,25.4,6.2,21.2
2021-07-08,18.3,29.3,20.5,15.8
2021-07-09,16.8,28.1,6.4,18.6
2021-07-10,19.2,31.2,0.0,19.4
2021-07-11,17.6,27.5,0.0,24.3
2021-07-12,21.0,31.4,0.0,22.3
2021-07-13,19.3,29.2,0.0,20.7
2021-07-14,15.1,27.3,0.0,26.0
2021-07-15,17.5,29.3,13.0,13.7
2021-07-16,21.1,29.3,0.0,21.8
2021-07-17,22.4,31.6,0.0,22.8
2021-07-18,14.7,26.4,10.0,19.8
2021-07-19,19.5,28.6,0.0,18.5
2021-07-20,13.4,23.3,0.0,22.6
2021-07-21,22.4,33.7,0.0,24.8
2021-07-22,18.3,30.5,21.0,17.6
2021-07-23,19.1,33.5,2.1,20.0
2021-07-24,21.4,32.7,0.0,20.4
2021-07-25,20.0,31.8,0.0,18.7
2021-07-26,23.2,34.4,0.0,23.6
2021-07-27,18.9,26.3,5.7,20.9
2021-07-28,19.4,31.9,8.1,18.5
2021-07-29,17.1,27.3,0.0,24.9
2021-07-30,9.8,26.1,0.0,25.9
2021-07-31,19.6,27.9,0.0,21.7
2021-08-01,13.5,24.7,0.0,23.3
2021-08-02,19.7,29.7,0.0,19.9
2021-08-03,21.3,31.9,1.6,19.7
2021-08-04,15.7,25.3,11.5,23.5
2021-08-05,19.8,27.8,0.0,23.3
2021-08-06,12.6,22.2,0.0,20.4
2021-08-07,23.5,33.4,0.0,26.9
2021-08-08,21.1,30.8,0.0,19.4
2021-08-09,14.8,24.5,0.0,15.2
2021-08-10,11.1,25.8,0.0,18.6
2021-08-11,17.0,25.0,0.0,21.8
2021-08-12,18.9,29.4,0.0,23.2
2021-08-13,14.9,26.9,15.3,19.2
2021-08-14,14.1,30.2,0.4,20.8
2021-08-15,12.6,23.9,-9999,20.0
2021-08-16,17.5,25.2,13.2,17.1
2021-08-17,15.7,27.0,14.5,16.7
2021-08-18,21.5,31.0,0.0,16.7
2021-08-19,17.5,28.3,16.1,14.2
2021-08-20,18.5,28.3,4.4,13.4
2021-08-21,12.7,26.2,0.0,14.5
2021-08-22,15.0,27.4,0.0,23.2
2021-08-23,14.8,23.2,0.0,17.2
2021-08-24,16.5,25.3,0.0,19.2
2021-08-25,8.7,21.3,2.8,17.8
2021-08-26,11.1,23.8,0.0,17.7
2021-08-27,9.9,22.5,0.0,16.2
2021-08-28,13.4,24.3,0.0,19.2
2021-08-29,12.3,23.5,0.0,18.3
2021-08-30,12.4,21.8,0.0,17.8
2021-08-31,8.0,19.5,0.0,23.9
2021-09-01,10.8,19.6,7.9,15.3
2021-09-02,16.4,27.5,0.0,14.2
2021-09-03,10.4,22.3,0.0,14.6
2021-09-04,9.4,19.3,0.0,15.9
2021-09-05,13.8,24.4,1.7,17.7
2021-09-06,14.0,26.1,0.0,18.1
2021-09-07,13.8,24.2,5.6,14.7
2021-09-08,11.6,24.3,7.7,13.5
2021-09-09,11.7,20.9,4.0,17.2
2021-09-10,13.2,22.6,-9999,14.1
2021-09-11,10.5,21.9,16.0,11.8
2021-09-12,14.0,23.4,0.0,15.7
2021-09-13,8.4,19.6,8.2,18.4
2021-09-14,11.1,20.6,0.0,15.9
2021-09-15,14.7,25.5,0.0,18.9
2021-09-16,5.6,18.8,12.4,10.4
2021-09-17,8.4,19.4,0.0,15.5
2021-09-18,14.3,27.8,0.0,18.3
2021-09-19,6.3,18.3,0.0,12.6
2021-09-20,14.1,25.5,0.0,15.5
2021-09-21,5.0,17.2,0.0,14.1
2021-09-22,9.0,22.1,4.2,16.9
2021-09-23,11.8,19.5,0.0,10.1
2021-09-24,13.9,23.1,22.4,5.6
2021-09-25,9.5,19.1,13.9,9.8
2021-09-26,5.4,20.0,0.0,8.5
2021-09-27,2.0,17.6,0.0,15.3
2021-09-28,1.6,14.4,3.0,16.4
2021-09-29,5.6,15.7,0.0,14.8
2021-09-30,11.0,22.8,7.0,14.2
