gene_id	S01	S02	S03	S04	S05	S06	S07	S08
Zm00558	41	130	272	813	121	318	54	294
Zm01323	1130	1033	541	411	816	663	1125	1732
Zm01282	195	163	113	154	178	133	52	62
Zm00954	24	32	16	15	11	11	5	9
Zm01203	208	207	60	72	112	90	48	72
Zm01276	4	4	5	6	33	28	7	12
Zm01350	22	14	15	12	8	9	16	24
Zm00102	152	160	98	103	146	147	24	30
Zm00889	52	40	23	25	62	68	65	105
Zm00807	2186	3512	1298	1181	2167	1906	2051	3917
Zm01061	132	128	41	35	53	45	87	132
Zm01552	92	104	177	175	110	88	97	162
Zm00953	10	4	4	5	6	6	17	16
Zm00977	11	33	5	21	9	26	5	26
Zm01132	275	226	75	85	334	313	80	92
Zm00358	203	177	205	234	250	252	168	244
Zm01487	52	108	11	25	11	37	50	145
Zm01162	15	12	5	5	4	4	2	4
Zm00994	1278	2127	436	1303	2048	5654	1631	7138
Zm01000	723	800	916	701	726	870	633	920
Zm00011	10	10	12	10	16	19	5	9
Zm01550	16	12	6	6	5	5	4	4
Zm01754	97	130	132	155	287	220	155	180
Zm01840	2591	2277	884	843	1170	1239	969	1231
Zm00604	652	783	738	616	705	853	608	921
Zm01758	664	684	631	446	427	476	816	1450
Zm00897	223	220	244	216	272	303	246	301
Zm00298	21	26	19	25	14	17	9	13
Zm00254	974	1051	662	496	1005	2116	428	447
Zm01250	530	480	568	513	88	67	437	727
Zm01153	1407	3171	2260	6345	1181	2675	784	2852
Zm00621	2393	2779	989	936	1799	1877	1677	2639
Zm01368	26	27	23	13	11	12	91	104
Zm01134	70	53	71	71	123	83	40	52
Zm01688	12	12	7	6	3	3	4	7
Zm01975	78	75	186	139	73	96	63	88
Zm00171	49	39	20	23	31	28	48	83
Zm00925	1593	1960	1834	2143	1216	1121	1345	1849
Zm01857	165	185	55	68	333	252	279	413
Zm01125	592	495	229	255	407	611	373	561
Zm00078	1395	1463	1464	1341	2932	2596	3891	4258
Zm00498	79	84	125	100	46	43	59	88
Zm00391	32	18	29	19	60	57	20	30
Zm00825	501	474	276	197	143	148	411	746
Zm00764	5	4	7	6	4	3	1	1
Zm01126	324	268	312	308	287	298	140	240
Zm00942	269	282	93	110	192	184	152	222
Zm01960	6	5	2	1	4	4	5	8
Zm01942	6758	5186	800	949	1323	1034	1629	2285
Zm01480	112	132	78	104	257	247	266	399
Zm00013	59	65	46	56	33	38	60	68
Zm00725	6	6	4	2	10	10	3	6
Zm01196	240	251	206	184	221	185	227	319
Zm00748	5	5	4	5	4	4	3	7
Zm00935	1885	2642	2125	3105	2299	2152	3482	4536
Zm00827	599	720	901	835	328	380	539	596
Zm00566	61	55	76	81	49	69	45	61
Zm01248	4058	2983	1151	1355	4322	4455	1204	1717
Zm00056	2	3	2	2	2	2	1	1
Zm00561	15	46	22	56	25	70	23	78
Zm01831	1221	1672	160	188	745	929	589	631
Zm00339	2091	2088	652	509	566	469	599	752
Zm01171	3	3	6	6	21	18	11	13
Zm01037	3975	3583	902	940	727	785	437	603
Zm01580	233	200	100	120	165	160	157	204
Zm00740	56	54	51	70	65	44	88	104
Zm01392	236	234	262	240	211	172	157	196
Zm01886	18	15	23	29	25	32	24	28
Zm01036	886	866	1065	902	411	655	1990	3495
Zm01679	10	9	18	13	20	12	12	20
Zm01302	1056	1020	405	317	529	617	583	1288
Zm00828	2	2	1	1	4	4	1	2
Zm01875	3	5	2	1	4	5	3	5
Zm00918	4983	3546	3192	2733	804	969	3268	5330
Zm00995	4	3	2	1	7	5	3	3
Zm01157	58	57	17	22	91	90	24	55
Zm01852	1634	1579	132	123	2036	1790	533	608
Zm00525	9	21	3	12	6	22	2	14
Zm00043	61	55	15	12	14	18	18	32
Zm00082	47	34	23	26	26	19	25	55
Zm00795	5046	4925	2198	2205	2560	2629	1713	1886
Zm00374	234	270	670	848	390	394	329	318
Zm01145	90	71	49	42	30	24	48	86
Zm01288	192	200	101	129	76	123	198	212
Zm00151	144	152	97	98	135	172	106	121
Zm00726	5	15	5	9	2	7	4	19
Zm01632	689	721	254	302	576	513	717	887
Zm00577	2705	2503	1028	1060	1852	1800	1415	2999
Zm01734	1212	1015	200	187	287	361	512	787
Zm01714	760	628	101	114	303	244	205	501
Zm00528	14	17	13	11	10	10	14	30
Zm00195	754	840	1608	1140	285	268	426	617
Zm00355	13	20	8	11	12	10	12	16
Zm01812	61	56	57	44	104	97	77	84
Zm01559	194	368	56	158	64	175	89	256
Zm00758	657	643	128	121	367	439	91	214
Zm00538	241	234	152	170	124	104	57	103
Zm00631	17	24	13	14	30	42	7	9
Zm01646	14	53	11	36	6	24	4	31
Zm01198	1481	1822	605	747	1863	2134	936	1759
Zm01326	789	700	192	210	398	255	314	495
Zm00857	788	248	524	121	440	114	491	134
Zm00993	5	2	4	1	7	3	4	3
Zm00084	67	70	54	44	105	127	67	120
Zm00806	3	3	2	1	2	2	1	2
Zm01833	16	18	8	8	5	6	14	17
Zm01802	323	350	746	682	193	168	616	622
Zm00001	101	98	79	75	117	132	366	406
Zm01249	92	93	351	360	440	445	118	257
Zm00341	452	349	324	255	382	356	183	299
Zm01218	445	407	410	507	1369	867	744	1292
Zm00334	2083	4381	690	1372	964	1359	1484	4030
Zm00071	74	67	97	81	31	33	57	85
Zm01606	2106	2128	941	823	770	596	1742	2390
Zm00824	293	339	358	288	91	122	447	562
Zm00239	2457	2182	931	1089	926	713	650	795
Zm00607	381	256	243	211	145	154	97	167
Zm01052	8	6	3	3	5	4	7	9
Zm01107	91	97	105	106	50	67	61	83
Zm00107	161	143	114	116	161	135	46	69
Zm01828	1127	1014	148	153	470	599	136	214
Zm01994	32	22	24	23	7	11	27	40
Zm01784	53	60	90	91	64	65	41	55
Zm00015	56	64	62	52	65	66	94	142
Zm00817	35	35	39	34	15	14	35	40
Zm01824	23	20	8	9	20	21	14	19
Zm00271	91	68	20	23	46	64	23	31
Zm01096	35	31	10	14	8	10	16	19
Zm00093	262	203	65	73	112	91	125	163
Zm01361	1332	1233	2685	3478	1190	722	854	1666
Zm01478	4	4	4	4	10	11	9	12
Zm00123	245	167	389	388	534	539	417	766
Zm00680	227	309	916	761	365	381	356	391
Zm00666	330	330	378	342	563	533	419	752
Zm01341	4	4	2	1	6	6	3	4
Zm01614	124	129	58	55	119	171	77	115
Zm00378	459	364	350	350	648	583	1015	1791
Zm00763	7	7	1	2	5	5	2	3
Zm00100	1	1	0	1	9	7	8	12
Zm00449	1890	1867	504	418	403	320	991	2126
Zm00423	6	5	3	4	4	4	7	9
Zm01454	2855	2834	1140	956	1498	1417	2149	3029
Zm00146	39	32	90	98	42	43	82	96
Zm00236	8	9	4	4	10	10	15	26
Zm01094	59	42	67	46	44	52	89	153
Zm01331	6	5	3	3	7	8	9	11
Zm01283	4	3	3	3	5	5	2	4
Zm01215	50	74	16	15	20	22	31	79
Zm00722	1931	1570	1198	950	456	357	391	747
Zm00452	67	77	140	83	225	148	249	401
Zm00133	81	89	47	39	39	53	66	112
Zm00025	31	29	54	51	8	9	46	82
Zm01716	145	126	67	60	51	60	122	171
Zm01789	6	5	3	4	3	3	7	7
Zm01989	252	221	413	377	117	186	312	384
Zm00177	19	13	20	17	54	36	54	66
Zm01867	33	32	27	34	130	121	36	53
Zm01939	4	4	4	3	16	14	6	8
Zm00983	1644	2062	1470	1392	2574	2263	2982	4569
Zm02000	3	2	2	2	4	4	1	2
Zm01404	882	3375	378	921	1160	3504	995	5387
Zm01115	526	496	322	344	510	437	965	1105
Zm01576	239	171	227	274	266	303	241	446
Zm01573	777	857	1646	1290	2207	1734	351	632
Zm01850	6	11	9	7	13	11	31	29
Zm01896	35	38	20	17	6	8	27	33
Zm01089	62	44	17	26	22	19	20	30
Zm00948	32	24	9	8	29	24	60	87
Zm00589	969	746	1450	1092	774	922	191	304
Zm00624	120	115	29	27	64	83	199	325
Zm01264	10	8	5	6	13	11	3	6
Zm00154	723	677	153	137	171	216	787	1285
Zm01422	6	4	2	3	2	2	11	11
Zm01388	1432	1166	1913	2337	3361	3332	1270	1155
Zm00877	4022	4233	1663	2008	1394	1069	878	1620
Zm01905	579	570	237	224	279	355	215	304
Zm00061	2496	2256	1464	1474	2351	2581	1611	2827
Zm00951	8	6	13	10	9	12	10	19
Zm00157	245	188	423	299	68	60	104	159
Zm01775	24	26	18	17	41	36	25	33
Zm00260	21	21	11	12	68	69	82	130
Zm01051	195	239	479	385	411	481	918	864
Zm00971	15	15	47	59	20	23	20	21
Zm00966	1346	1610	222	203	905	1003	724	1138
Zm01211	33	27	15	12	72	75	66	71
Zm01681	297	238	390	505	461	429	274	346
Zm01268	36	31	13	12	20	27	19	27
Zm01111	196	112	1394	1927	163	225	189	212
Zm01710	5	4	2	2	8	7	6	11
Zm00026	10	11	11	9	4	5	5	12
Zm01371	90	115	108	99	76	66	54	76
Zm00557	24	24	12	9	8	9	9	10
Zm00513	1	1	1	1	2	3	4	3
Zm01253	5	6	5	4	10	10	11	15
Zm01436	35	35	17	20	40	33	47	66
Zm00896	93	102	66	66	174	134	134	186
Zm00476	21	31	40	45	38	48	22	31
Zm00980	6	8	9	8	8	7	4	8
Zm01471	266	251	265	247	316	311	160	168
Zm01968	53	38	57	55	53	54	101	130
Zm01170	247	276	215	227	625	609	305	405
Zm00388	31	28	60	53	14	22	23	29
Zm01128	44	51	79	56	25	34	96	141
Zm00496	7	6	5	4	5	3	2	2
Zm00232	1862	1684	1717	1840	1021	1864	1477	2246
Zm00750	8	8	8	11	3	4	11	16
Zm01277	124	287	125	281	70	179	122	451
Zm01628	101	104	85	65	256	239	133	190
Zm01210	1	1	1	1	8	9	5	7
Zm00285	19	19	6	4	9	10	11	13
Zm01756	99	97	61	55	32	28	130	202
Zm01509	3	3	0	0	1	2	2	4
Zm00218	3166	2253	1417	1180	1536	1705	923	868
Zm01817	9	10	11	11	4	3	10	18
Zm00815	63	61	14	12	126	133	43	68
Zm00653	50	23	53	20	22	15	55	37
Zm01143	63	54	15	17	76	46	38	49
Zm00396	9	18	9	31	7	23	8	46
Zm01429	3960	2871	1008	1053	4685	4245	1751	2244
Zm00024	109	114	26	25	58	45	122	185
Zm00523	14	11	19	21	40	33	9	21
Zm01951	44	45	5	3	17	15	9	10
Zm00484	4	5	2	1	1	2	3	4
Zm01643	160	174	56	81	124	127	174	187
Zm00605	12	12	14	18	29	37	5	6
Zm01406	848	1101	1403	1516	1360	1427	1355	1649
Zm00639	1417	1724	1726	1285	2693	2059	1161	2077
Zm01569	749	935	399	334	681	597	232	323
Zm01843	71	49	54	55	84	75	73	101
Zm00170	34	34	2	1	4	3	4	6
Zm01860	516	420	233	190	153	104	223	238
Zm01002	84	80	20	21	63	51	64	96
Zm01101	3	3	1	1	2	2	4	6
Zm00780	20	14	8	8	19	18	11	15
Zm00581	435	485	361	237	374	342	218	261
Zm00182	22	11	26	11	149	41	64	32
Zm00150	3042	7864	544	1186	1195	4176	884	4098
Zm00720	136	170	82	51	53	61	64	95
Zm00833	298	320	350	284	442	387	505	486
Zm01571	4977	4335	3528	2984	1694	1682	1527	2042
Zm01926	41	42	22	20	38	46	43	56
Zm00227	9	9	26	24	44	45	23	34
Zm00035	8	9	8	8	5	4	7	9
Zm00973	42	43	16	14	33	33	9	25
Zm01228	33	30	11	9	37	38	48	68
Zm01607	148	136	214	262	287	231	143	272
Zm00985	527	674	289	161	1172	1001	711	1224
Zm00867	4	4	2	3	2	2	3	7
Zm00482	219	209	115	102	77	76	199	196
Zm01627	219	197	191	181	395	413	144	274
Zm01651	7	8	5	5	5	4	3	3
Zm00095	249	217	221	134	145	121	120	170
Zm01999	771	591	441	709	938	951	1011	1304
Zm00620	1724	2194	2324	2671	1908	1390	800	1114
Zm00949	852	580	248	297	269	255	190	287
Zm00377	418	419	681	472	4620	3717	1404	1402
Zm01492	3	2	3	3	6	5	2	2
Zm01545	79	194	35	79	45	140	34	137
Zm01707	205	763	78	291	106	506	231	1353
Zm01189	288	1495	832	4442	642	2821	543	3307
Zm01692	95	84	265	287	195	211	42	70
Zm01155	4	3	3	3	2	2	3	3
Zm00704	1234	1297	684	538	1182	1173	1598	2144
Zm00488	74	76	154	111	101	95	78	134
Zm00387	2	4	6	5	2	2	3	4
Zm01876	204	229	104	118	176	206	59	90
Zm01653	33	17	25	28	29	32	4	7
Zm00238	113	114	75	73	70	71	227	329
Zm00007	7	7	5	5	8	9	7	10
Zm01948	4	5	4	3	4	3	6	6
Zm01801	64	293	36	145	180	600	118	518
Zm01069	2278	2216	981	1388	1150	1148	1626	1812
Zm00690	4	4	2	1	9	10	3	3
Zm01929	869	756	655	706	1315	982	752	734
Zm01567	7	9	5	4	5	6	3	6
Zm01084	19	19	25	17	35	34	13	22
Zm01686	1204	1206	709	567	1108	995	211	494
Zm00793	615	659	841	566	494	396	407	716
Zm01909	3	4	7	9	8	7	12	21
Zm01527	513	1406	209	601	114	310	161	536
Zm01319	3039	2077	1420	1179	1043	663	928	1718
Zm01674	12	10	5	3	4	3	3	5
Zm01917	18	23	11	12	15	17	12	21
Zm00117	111	128	88	87	188	189	109	109
Zm01360	3411	2670	1849	1258	2239	1408	2464	3550
Zm00902	2427	1474	408	510	628	703	996	1838
Zm01310	76	65	231	219	77	91	120	247
Zm00381	5	4	1	1	3	4	4	7
Zm00592	33	28	23	19	47	25	22	38
Zm01025	320	244	465	465	360	311	922	1226
Zm01166	60	60	37	24	5	4	30	33
Zm01252	375	446	372	307	245	285	389	567
Zm01476	2824	3202	980	755	1800	1562	1482	1274
Zm01244	85	70	36	32	110	110	53	88
Zm00832	2	1	4	4	6	4	2	3
Zm01296	39	38	10	15	24	23	9	12
Zm00582	36	31	16	18	31	20	9	16
Zm00070	113	92	70	42	115	120	76	150
Zm01520	1264	1499	455	352	1124	907	590	1025
Zm00600	70	64	72	66	92	80	52	99
Zm00798	9	21	9	33	5	15	3	17
Zm01488	6	7	7	7	4	4	4	8
Zm01700	14	11	13	15	51	44	20	25
Zm00842	40	33	22	19	51	59	58	75
Zm01915	32	29	14	13	22	20	34	39
Zm00245	5	4	2	2	1	1	2	2
Zm00724	472	331	234	387	885	931	765	855
Zm01809	730	605	267	376	400	376	324	447
Zm00663	134	112	234	246	328	444	104	170
Zm00027	4580	3911	1609	1306	660	908	2011	2623
Zm01703	2	3	2	2	5	4	2	2
Zm01751	28	39	12	14	30	29	29	31
Zm00257	907	807	223	250	357	332	110	129
Zm00489	42	44	9	12	34	42	30	72
Zm01594	91	86	55	62	66	50	74	106
Zm01844	2864	2586	505	530	1117	833	384	549
Zm01297	105	101	106	88	63	59	46	70
Zm01468	298	300	256	172	330	373	562	899
Zm01603	76	59	17	16	59	81	10	16
Zm00164	2205	2057	371	323	578	585	883	1137
Zm00020	10	8	19	16	13	12	12	14
Zm01920	38	41	24	20	100	117	35	44
Zm00865	28	18	21	23	13	12	17	28
Zm00210	136	103	57	45	78	72	157	242
Zm01822	13	12	1	2	2	2	4	5
Zm01649	857	924	495	491	874	695	624	832
Zm00418	194	196	273	286	255	220	217	352
Zm01098	53	41	11	10	47	67	22	38
Zm01366	4422	3028	453	420	746	693	1748	2552
Zm00346	5	5	3	4	13	10	3	4
Zm00036	2125	1853	704	776	1919	1449	745	903
Zm00614	343	258	83	86	54	41	105	167
Zm01278	422	399	362	261	812	837	453	733
Zm00574	166	149	240	229	171	138	289	358
Zm00471	26	28	14	12	14	13	32	33
Zm01407	7	7	16	21	12	12	34	40
Zm01746	11	14	20	18	10	9	1	4
Zm01517	122	136	58	66	75	99	76	119
Zm00348	127	81	152	157	205	141	164	214
Zm01119	4916	4453	1133	1695	3334	2609	1953	2137
Zm01866	303	394	224	227	246	316	449	722
Zm01705	39	118	3	11	12	43	12	49
Zm01066	141	167	118	88	269	299	86	112
Zm00412	1880	1586	1244	919	2095	2142	2141	2707
Zm00385	1933	2721	1419	1405	2042	2630	1266	2298
Zm01568	3	3	4	4	5	5	6	11
Zm00926	192	196	163	157	323	256	208	239
Zm01872	16	13	18	16	34	39	20	30
Zm01442	492	653	877	730	267	294	247	562
Zm00316	7	8	6	6	11	12	4	7
Zm00784	1	2	2	1	3	3	6	10
Zm01890	1707	1324	656	756	4297	2484	685	951
Zm01435	31	45	36	28	23	22	19	38
Zm01541	12	62	22	67	25	118	11	59
Zm01474	163	134	81	100	394	367	102	207
Zm00841	17	14	25	24	26	23	18	25
Zm01504	4	4	9	8	10	10	5	8
Zm01446	14	13	4	5	4	3	1	2
Zm00169	26	24	74	48	92	50	24	45
Zm01971	15	17	6	4	12	16	15	22
Zm00297	728	2046	1467	5153	1041	5418	676	4088
Zm01079	147	143	419	303	937	741	285	550
Zm00196	6	6	6	5	4	3	4	8
Zm00618	140	124	57	58	49	52	79	103
Zm00843	231	185	78	76	183	209	87	129
Zm01455	20	20	5	5	16	14	7	8
Zm01397	1666	940	2083	2749	3835	4761	1154	1802
Zm00228	659	721	342	459	352	292	213	364
Zm01123	46	100	39	143	63	138	25	72
Zm00939	266	73	88	30	85	40	27	16
Zm00086	3	3	5	6	6	5	7	13
Zm01652	4	4	1	1	5	5	3	3
Zm00723	20	23	17	17	13	13	9	11
Zm00820	140	156	249	165	166	217	125	198
Zm00814	16	17	11	9	11	9	39	64
Zm00962	572	3214	189	1048	401	1360	842	4456
Zm01992	3290	3569	3277	2643	1856	1824	1753	2166
Zm00386	24	24	5	5	11	12	7	8
Zm00921	100	102	67	74	180	138	148	235
Zm00751	9	12	8	5	16	13	20	24
Zm01439	680	693	278	268	715	514	949	1224
Zm01963	770	604	145	163	385	637	133	222
Zm00174	3	3	2	2	3	3	2	5
Zm01730	5	5	5	3	3	3	7	9
Zm00565	1312	1273	4409	3715	2490	2405	695	1180
Zm00259	1924	2011	1431	870	965	1034	887	1815
Zm00933	689	735	179	151	425	325	987	1262
Zm01004	1518	1434	995	889	1434	1551	1111	1794
Zm00434	16	18	13	12	7	6	5	7
Zm00955	6	18	2	5	1	4	1	8
Zm01846	372	244	190	209	258	218	151	240
Zm01586	2263	2033	1261	1297	1394	1601	1144	1234
Zm00439	31	78	48	146	24	98	17	53
Zm01676	1292	1527	1484	1345	993	1016	1399	2592
Zm01095	322	261	365	319	285	343	153	278
Zm00900	66	59	37	37	11	13	11	18
Zm01953	151	104	205	154	218	231	62	101
Zm01797	6	9	4	4	7	8	5	9
Zm01295	31	28	10	9	5	11	14	16
Zm01018	5	4	15	18	22	23	15	18
Zm00888	299	224	126	94	117	102	188	298
Zm00573	9	8	4	5	10	9	5	9
Zm01340	232	250	57	59	76	56	47	55
Zm00021	3	3	3	2	1	1	2	2
Zm01986	23	32	10	12	36	44	25	35
Zm01416	718	799	969	802	1066	1189	1002	2105
Zm01006	804	491	2020	2230	1987	2026	868	1110
Zm01225	3	3	3	2	8	10	9	11
Zm00255	179	135	175	140	140	145	165	261
Zm01275	1619	1284	4494	3792	3282	3215	774	1172
Zm01955	52	46	9	7	17	12	26	32
Zm01773	193	139	48	60	88	94	262	415
Zm00997	10	8	7	7	5	5	5	7
Zm01016	3	3	3	3	9	7	4	5
Zm00697	5	7	19	23	8	10	5	10
Zm00598	6	6	11	10	10	9	11	19
Zm01142	105	109	55	46	65	63	53	82
Zm01671	81	94	70	124	119	286	61	204
Zm01957	65	72	83	87	49	55	158	249
Zm01515	4421	3293	1165	1340	2020	2189	964	2069
Zm01924	1964	2051	2858	2899	2510	1855	1463	2094
Zm00785	1730	1478	1141	912	2625	2981	379	433
Zm01902	62	45	13	13	22	24	19	23
Zm00664	306	296	384	509	1049	841	555	983
Zm00314	48	43	28	28	52	69	33	44
Zm00491	2259	7484	1114	2158	702	1861	2176	8709
Zm01287	55	49	138	133	132	126	141	248
Zm00635	62	68	43	39	84	79	61	88
Zm00065	28	105	29	75	38	119	40	236
Zm01425	22	27	12	8	15	13	10	14
Zm01882	10	15	5	5	2	2	4	7
Zm01417	371	420	786	488	397	488	282	379
Zm00474	2483	2358	2124	1732	2544	3119	1564	2212
Zm01498	1246	961	2201	1857	1477	2177	4737	4801
Zm00173	73	63	19	18	63	38	150	184
Zm00508	308	296	230	162	277	246	127	232
Zm01156	4	3	3	5	5	6	3	5
Zm01423	2646	1759	1101	960	1486	1327	2776	4091
Zm00580	355	258	194	194	352	223	316	409
Zm00351	534	418	442	407	424	287	718	975
Zm01072	26	30	14	20	32	45	47	81
Zm00305	9	12	10	15	30	30	57	73
Zm01259	267	284	144	135	148	125	120	140
Zm00453	53	55	24	30	28	25	23	27
Zm00288	10	6	0	0	1	2	1	1
Zm00657	1212	968	609	641	1255	1073	1018	1999
Zm01659	34	25	30	26	10	13	4	8
Zm01127	149	163	237	213	140	119	580	907
Zm00273	381	441	372	300	382	463	363	412
Zm01825	2	2	1	1	2	2	1	2
Zm00776	931	673	654	683	691	686	764	839
Zm01289	415	395	601	619	273	293	581	760
Zm00356	45	48	44	36	26	23	34	41
Zm01613	120	106	52	69	136	103	76	95
Zm00943	5	4	6	6	4	3	1	2
Zm01246	8	7	0	1	1	1	1	3
Zm01359	251	197	122	104	212	242	132	168
Zm00326	85	93	126	126	131	144	125	178
Zm01827	44	95	31	63	44	85	22	100
Zm01188	192	658	255	587	345	905	236	950
Zm00662	14	14	16	18	17	16	15	26
Zm00313	25	25	37	52	56	61	45	49
Zm00384	33	32	16	15	33	49	14	22
Zm01847	339	277	383	266	171	115	165	218
Zm01485	25	22	37	32	7	11	21	27
Zm01675	10	9	3	3	8	8	6	8
Zm00590	8	9	7	7	8	13	6	7
Zm00370	6	5	1	1	4	4	2	4
Zm00320	5	6	2	2	1	2	3	4
Zm00481	11	9	6	6	12	13	12	17
Zm01874	69	54	27	22	31	37	22	36
Zm00172	131	97	80	80	94	68	152	213
Zm00872	39	34	37	44	55	60	65	105
Zm00756	358	522	288	281	527	665	879	991
Zm00648	4	3	1	1	3	2	1	2
Zm00749	14	20	59	40	21	19	17	25
Zm00016	36	39	48	43	136	115	93	106
Zm01019	8	9	6	6	4	3	6	7
Zm01678	44	85	15	32	77	144	81	241
Zm01500	64	50	112	99	120	124	37	81
Zm01871	2652	2241	1282	994	2317	2456	655	1302
Zm00552	17	12	6	4	7	8	20	25
Zm01949	244	177	151	169	89	65	94	101
Zm00322	52	61	20	19	27	33	6	9
Zm01459	816	694	341	363	430	457	436	821
Zm00137	62	56	48	43	189	154	44	41
Zm00509	8	8	2	2	6	5	6	8
Zm01859	1	2	4	3	4	2	1	2
Zm01611	15	49	21	73	22	66	27	123
Zm01456	1664	1213	767	832	847	775	1156	1737
Zm01637	1413	1531	991	1002	2040	1515	1668	2548
Zm01144	88	72	31	33	70	56	57	103
Zm00984	2009	1497	1562	1464	1808	1825	777	1792
Zm00761	19	16	5	4	12	12	11	23
Zm00912	3352	1053	925	358	1918	581	321	199
Zm01065	11	10	4	3	4	3	5	8
Zm00765	3	3	4	4	4	5	4	7
Zm01842	10	8	7	8	3	4	14	18
Zm00535	5	5	6	7	2	2	1	4
Zm01177	20	21	20	20	8	9	11	20
Zm00296	1453	951	1821	1259	1155	1021	1669	2595
Zm00898	5	4	10	7	3	3	11	16
Zm01160	10	14	18	14	8	11	6	7
Zm01074	2204	2924	1545	1227	1774	1725	1075	1575
Zm00550	61	54	19	20	10	13	15	20
Zm01469	77	77	113	122	88	101	179	212
Zm01122	528	459	159	204	718	635	188	295
Zm01877	12	36	6	14	3	12	3	17
Zm00556	3	3	1	1	13	11	1	2
Zm01460	18	21	15	15	7	8	8	16
Zm01599	1059	771	1203	1194	2731	2401	789	1690
Zm00779	27	31	25	30	129	179	57	89
Zm00432	2350	2562	4779	3924	1130	1072	1009	1785
Zm01667	12	13	5	4	28	24	8	13
Zm00691	9	7	4	4	4	4	2	3
Zm01482	3146	3319	837	856	2864	2271	3788	4574
Zm00801	9	8	9	12	18	16	10	10
Zm01324	121	107	70	50	172	175	34	55
Zm00762	14	13	5	5	9	9	5	6
Zm01009	2397	1527	784	901	329	428	893	1394
Zm00246	1434	1367	1395	1084	3617	3079	1424	2410
Zm01103	115	103	45	42	52	64	40	88
Zm01947	8	30	10	41	9	25	2	10
Zm01806	1095	1104	2509	2599	1164	1160	909	1170
Zm00311	467	559	1094	1410	575	601	920	1424
Zm01272	420	438	386	319	946	821	209	370
Zm01760	105	81	68	78	69	78	53	77
Zm00126	742	595	729	835	918	758	1447	2003
Zm00837	5	7	10	10	12	12	6	12
Zm01085	202	534	112	333	53	167	56	299
Zm01073	8	5	2	2	3	3	15	19
Zm00882	8	7	1	1	3	3	10	15
Zm00269	146	121	34	26	155	155	95	115
Zm01048	273	248	206	186	120	146	90	138
Zm01538	33	34	47	49	105	86	77	121
Zm01759	9	8	1	1	8	9	3	4
Zm01596	2008	1878	2298	2036	1707	1575	599	770
Zm01344	722	570	371	368	514	579	100	134
Zm01067	9	12	7	9	5	6	9	15
Zm00281	5	5	6	4	13	13	4	9
Zm00106	5616	4048	2503	1577	1438	1649	2384	3111
Zm01786	8	11	14	11	31	32	7	15
Zm01240	4	3	5	4	5	5	8	12
Zm01981	283	211	127	102	243	228	139	230
Zm00730	241	215	239	242	90	65	97	171
Zm00555	8	6	8	6	7	6	5	6
Zm00619	496	516	242	212	520	465	591	824
Zm01223	59	51	48	38	25	19	70	133
Zm00487	29	20	69	72	49	43	16	26
Zm00345	3	3	2	1	7	8	5	6
Zm01895	1229	835	384	303	701	638	527	677
Zm01959	5	7	1	1	5	5	7	8
Zm01245	4	1	6	2	3	1	3	2
Zm01184	1557	1565	1743	1569	900	1489	641	1046
Zm01431	26	26	11	13	33	25	7	8
Zm00317	624	622	212	177	183	264	931	1476
Zm00603	2	2	3	3	1	1	2	4
Zm00292	26	38	23	24	53	54	30	43
Zm00863	191	259	315	395	336	379	1162	1886
Zm01735	56	61	50	50	38	55	58	125
Zm00848	229	462	544	1376	428	1030	336	1069
Zm00477	455	386	173	206	472	432	185	292
Zm01560	3958	4553	641	739	2711	2936	1731	2205
Zm01880	1	1	2	1	5	5	3	5
Zm01401	23	25	4	4	32	30	4	6
Zm00300	508	427	22	20	182	159	163	236
Zm01757	2	2	2	2	1	1	2	1
Zm01835	509	576	210	208	2721	2005	1031	1360
Zm00503	9	7	4	4	3	2	11	10
Zm01673	33	50	24	19	21	25	16	23
Zm00448	441	367	163	114	714	843	756	1206
Zm00342	2263	1852	951	949	1481	1326	492	932
Zm00965	34	75	74	171	43	105	15	55
Zm00904	581	420	1110	880	223	267	542	983
Zm00940	51	58	63	58	31	34	153	167
Zm00109	981	788	1273	1412	971	1030	1387	2391
Zm01699	7	5	3	2	2	2	2	3
Zm00551	61	66	36	30	175	227	99	151
Zm00537	62	43	19	19	55	40	63	90
Zm00970	209	208	101	82	173	165	161	303
Zm00103	94	77	304	337	276	217	176	289
Zm01897	36	32	9	11	40	38	35	32
Zm01894	7	6	3	2	3	3	4	4
Zm00323	1164	591	303	299	194	277	291	466
Zm00587	1406	1861	2063	1896	868	770	1416	2261
Zm00512	16	13	31	30	34	29	29	39
Zm00214	4	5	4	4	13	9	5	10
Zm00125	20	17	22	25	35	36	27	41
Zm00390	1465	1294	630	974	776	927	906	1421
Zm01945	23	43	16	14	31	39	103	212
Zm00729	19	17	18	15	22	23	19	21
Zm01097	1735	1696	11135	9477	1381	1557	1770	2093
Zm01910	27	19	15	10	62	51	17	22
Zm01511	347	337	144	126	255	278	99	214
Zm01863	115	109	70	63	86	142	44	104
Zm01575	22	26	16	15	11	10	18	25
Zm00470	21	18	16	14	42	48	12	14
Zm01719	2369	1758	1617	1185	5212	4392	1939	2716
Zm01030	36	44	86	75	202	137	146	217
Zm01332	134	128	46	41	65	82	95	163
Zm00124	53	56	30	25	33	33	50	93
Zm00054	1926	1353	994	753	1948	1853	1195	1955
Zm00353	449	338	510	501	165	169	552	817
Zm01713	4439	4333	1750	1840	1492	1734	3119	4151
Zm01780	22	16	13	9	9	7	8	13
Zm01325	3	3	6	5	5	5	6	10
Zm00410	2967	2188	2031	2652	1350	1142	1151	2078
Zm00217	7	8	4	4	6	4	5	9
Zm01690	47	40	24	22	47	53	33	39
Zm00526	1292	1745	642	631	514	547	833	990
Zm00891	10	11	15	15	32	28	13	26
Zm00709	330	314	79	50	92	69	127	170
Zm00304	4	4	2	3	1	1	1	2
Zm01819	7	5	2	2	5	3	2	6
Zm01680	436	307	121	99	362	280	746	1481
Zm00770	648	974	926	759	889	1062	578	816
Zm00816	110	120	50	58	55	46	40	57
Zm01604	16	16	9	12	19	17	36	49
Zm00274	1069	4100	1203	3624	1577	7272	770	3695
Zm01241	18	15	17	21	20	19	13	22
Zm00741	8	25	4	10	3	12	2	13
Zm00211	220	226	55	73	36	52	116	142
Zm01918	1	1	1	1	6	4	8	10
Zm00160	3096	2608	1378	1368	2133	1792	1773	2975
Zm01294	104	83	53	38	51	56	39	32
Zm01255	75	58	39	33	52	42	98	132
Zm01384	233	260	36	45	141	183	89	153
Zm00976	673	561	781	671	721	940	723	952
Zm00964	295	213	160	193	628	710	205	287
Zm01856	566	603	234	264	83	113	126	180
Zm00559	288	386	100	97	54	53	105	137
Zm01779	9	10	12	10	10	13	8	15
Zm01985	323	245	127	89	141	161	70	102
Zm00485	727	769	260	318	246	204	542	407
Zm01108	361	314	119	112	233	212	254	410
Zm00805	7	6	5	5	5	6	5	8
Zm01823	27	29	15	18	20	21	21	29
Zm01696	1336	1332	1845	1725	619	547	1667	2477
Zm01087	60	237	54	146	124	404	105	544
Zm00540	6	5	5	4	8	8	4	7
Zm01849	914	1138	688	546	655	865	883	1498
Zm01355	15	17	15	10	11	10	2	4
Zm00917	284	203	436	514	649	506	264	431
Zm01496	164	134	33	31	27	20	53	72
Zm00881	43	38	32	34	25	21	19	29
Zm01147	1065	964	704	453	273	243	406	755
Zm00248	95	96	303	348	91	104	181	270
Zm00656	329	323	142	154	669	524	128	238
Zm01076	3	2	6	6	4	3	5	7
Zm00622	572	512	742	666	1483	950	171	271
Zm00792	34	33	18	22	73	61	25	30
Zm00836	8	6	19	17	10	11	7	10
Zm01950	21	19	24	27	17	17	16	24
Zm01582	1236	894	3347	4045	1315	1202	798	1600
Zm00129	8	8	6	5	8	5	15	21
Zm01376	19	18	11	13	22	14	6	6
Zm01035	4146	3305	1009	993	690	843	2130	2159
Zm00901	6	7	6	4	17	16	9	10
Zm01313	312	300	241	236	347	276	356	436
Zm00053	1346	1250	671	914	868	909	392	594
Zm01082	46	48	50	75	219	232	100	158
Zm01150	822	688	121	95	478	565	199	216
Zm00290	295	234	155	153	261	201	214	391
Zm00516	16	18	1	2	5	8	16	27
Zm00225	44	40	39	36	36	35	6	8
Zm01194	30	33	66	55	30	40	39	71
Zm01495	155	85	146	146	85	115	172	225
Zm01358	54	66	29	42	69	62	11	21
Zm00668	187	247	122	111	145	194	232	419
Zm00968	367	295	247	209	214	159	110	103
Zm00208	9	6	14	16	20	21	36	51
Zm00440	278	237	95	83	237	234	69	109
Zm01542	30	21	22	17	24	30	25	40
Zm01317	46	49	16	13	27	26	29	32
Zm00771	18	15	11	15	11	10	9	12
Zm01484	167	138	115	126	174	159	137	146
Zm00986	9	9	5	4	3	6	26	33
Zm01976	156	148	66	97	449	431	43	63
Zm00781	86	74	46	48	64	45	66	89
Zm00847	755	641	347	311	403	503	586	676
Zm00445	56	61	93	103	48	39	29	33
Zm00534	980	875	491	442	1412	1353	1306	1862
Zm01619	10	9	4	4	14	17	3	4
Zm01638	383	308	430	339	213	154	373	470
Zm01782	123	91	369	291	145	148	116	210
Zm01206	29	43	16	15	38	50	80	123
Zm01618	9	9	22	21	2	2	10	13
Zm01656	10	8	4	5	11	10	7	7
Zm01925	5	5	6	7	7	7	6	8
Zm01470	9	28	5	26	8	20	2	17
Zm00617	1498	1713	1465	1451	1642	2080	1283	1828
Zm00501	238	184	75	64	43	36	173	250
Zm00263	139	118	155	128	253	228	193	226
Zm01595	489	191	299	157	686	282	678	316
Zm01717	2151	3951	1464	2908	572	1304	1074	3601
Zm01301	58	68	128	122	79	76	76	63
Zm00140	19	15	3	3	3	2	6	7
Zm00337	79	210	44	141	39	105	85	369
Zm00404	74	68	16	16	39	38	32	42
Zm01841	13	13	7	8	9	9	6	9
Zm00790	652	647	1507	1228	2053	1856	412	453
Zm00397	2218	2903	1183	1081	2534	3057	1217	1641
Zm01190	134	185	139	150	231	163	25	33
Zm00609	4	5	7	6	3	2	1	1
Zm01489	48	50	5	4	56	49	33	46
Zm01021	23	27	21	14	12	10	34	53
Zm00934	551	285	434	286	751	367	536	319
Zm00466	28	28	44	36	40	41	71	122
Zm00907	37	31	17	16	30	34	9	17
Zm01799	62	76	21	26	39	33	19	35
Zm01490	20	26	37	26	14	17	20	31
Zm00116	90	94	67	69	94	102	53	67
Zm01363	37	11	51	11	24	6	16	8
Zm01720	3	3	5	4	18	13	3	4
Zm01658	892	689	1532	1515	1151	1454	1477	2004
Zm00766	3	3	7	8	4	3	6	8
Zm01060	1865	1656	4187	2981	2679	4084	5957	7073
Zm01372	130	93	38	51	107	113	47	57
Zm01991	24	25	9	6	3	3	15	30
Zm01508	14	10	10	11	13	15	24	40
Zm00567	8	6	4	3	5	6	5	6
Zm01167	4	4	1	1	3	3	5	5
Zm01398	86	108	42	49	69	70	60	88
Zm01408	158	176	41	43	205	177	50	71
Zm00634	215	187	167	130	321	269	133	287
Zm01712	801	967	2266	2660	988	870	2147	3116
Zm00998	208	272	175	140	363	316	176	320
Zm01787	567	490	117	125	169	121	64	126
Zm01047	619	677	249	278	508	672	390	680
Zm01834	210	233	139	104	81	82	222	331
Zm01045	1	2	2	3	1	1	3	4
Zm00127	3178	3998	1051	1155	1410	1432	2156	2936
Zm01581	53	55	35	32	38	45	133	187
Zm00405	384	471	64	48	186	228	147	179
Zm01447	938	756	636	474	1213	1668	756	962
Zm00017	488	586	311	206	359	258	110	166
Zm00679	2583	1769	1926	1648	3344	4007	1580	2411
Zm00627	2104	2097	1425	1157	6462	4278	1817	3022
Zm01370	9	8	2	3	3	3	6	15
Zm00718	67	98	73	43	45	57	47	78
Zm01306	5	5	1	1	2	3	2	3
Zm01506	1378	1480	587	550	4184	3754	1733	3191
Zm01503	3	2	2	2	4	4	7	13
Zm01285	85	64	77	81	30	35	117	120
Zm01163	42	61	10	7	57	53	25	52
Zm01161	334	334	298	280	115	137	992	1347
Zm01041	8	8	12	8	6	7	9	15
Zm00802	1862	2095	984	1269	1682	1114	1732	2519
Zm00899	611	547	531	412	688	631	658	1031
Zm01169	870	649	353	370	613	578	1490	2060
Zm01523	31	36	23	19	21	20	32	42
Zm01308	37	33	11	12	22	18	20	33
Zm00611	24	22	25	21	66	74	19	31
Zm01105	1465	1129	288	233	837	799	596	693
Zm01349	4	2	11	12	49	37	18	29
Zm01851	64	62	21	22	40	51	62	93
Zm00829	1523	1169	3328	3689	2626	2765	787	996
Zm00636	181	341	132	229	87	168	32	124
Zm00524	207	194	31	49	50	47	59	106
Zm00632	2	2	5	5	7	9	4	5
Zm00735	182	143	256	224	237	193	355	475
Zm01212	6	5	1	1	9	9	2	4
Zm01466	4	6	4	4	4	5	2	3
Zm01444	2110	1321	3118	3010	1973	1235	1254	1528
Zm01927	172	257	280	304	332	294	165	223
Zm01202	1140	984	382	393	523	481	235	477
Zm00623	91	58	99	77	191	238	50	80
Zm00578	11	14	15	13	29	33	53	66
Zm01356	178	505	141	332	128	492	142	475
Zm01577	9	10	5	7	18	15	13	20
Zm00530	1	1	1	1	1	1	1	2
Zm00669	9	12	9	8	6	5	4	7
Zm00299	292	576	177	349	235	445	382	818
Zm00458	258	783	256	880	64	277	400	1525
Zm00480	911	3385	697	2717	1310	5511	1504	7346
Zm00438	1168	1306	1837	1607	485	522	428	567
Zm00203	17	48	47	124	24	104	17	91
Zm01661	17	18	7	6	11	9	8	8
Zm01102	2	2	3	5	3	3	3	4
Zm00811	489	443	191	177	266	297	526	936
Zm00451	87	137	131	132	336	279	181	358
Zm01547	567	413	131	74	305	436	371	557
Zm00166	690	751	404	414	544	487	708	987
Zm01662	10	15	14	16	23	21	8	9
Zm01602	53	50	29	19	42	53	20	34
Zm00278	5	5	8	12	2	3	3	7
Zm00409	1943	2026	738	900	435	591	416	612
Zm01733	4	5	9	6	5	5	6	6
Zm01405	100	132	56	55	79	83	80	107
Zm00678	2011	2104	403	298	1619	1529	610	1007
Zm01400	110	142	39	31	26	27	43	45
Zm00479	5	5	12	9	4	6	3	5
Zm01399	38	34	246	241	115	118	36	48
Zm00733	13	10	12	12	17	17	5	7
Zm01561	318	291	142	164	703	818	340	696
Zm01529	1118	1044	1447	957	1324	1398	1564	2385
Zm01229	30	22	11	11	19	19	25	41
Zm01715	1164	1255	677	599	2054	2614	792	1053
Zm00433	744	628	521	417	330	365	396	442
Zm01838	883	564	430	293	310	386	298	351
Zm01430	157	148	49	68	174	148	229	227
Zm00435	788	906	721	481	1191	928	528	821
Zm00315	999	874	675	414	369	309	413	552
Zm00294	14	13	36	38	21	22	9	10
Zm00853	112	191	140	98	310	288	252	294
Zm01868	17	16	6	5	7	7	9	13
Zm01208	1079	766	246	248	382	304	571	1093
Zm01183	277	326	126	200	107	122	219	234
Zm00597	4	4	25	32	12	17	17	27
Zm00687	9	10	66	61	31	20	21	31
Zm01333	841	1053	1866	2060	1770	1995	1104	1395
Zm01899	61	45	8	7	87	77	37	44
Zm01739	54	42	45	34	28	25	28	33
Zm01269	50	43	50	60	43	39	36	63
Zm01395	3143	2822	1843	1793	997	1225	2002	3796
Zm01753	991	928	709	652	1387	1618	1261	2357
Zm00641	46	42	23	27	74	79	122	162
Zm01279	436	400	306	355	534	775	211	319
Zm00682	433	358	383	394	1206	1225	202	266
Zm00778	75	91	98	68	115	97	61	102
Zm01818	901	704	1112	980	522	617	646	1287
Zm00022	84	107	127	109	112	158	69	94
Zm01305	113	101	32	28	84	76	105	158
Zm00268	6	14	7	7	16	13	11	20
Zm00652	6	4	3	3	4	3	1	4
Zm00038	1293	1356	1143	1046	953	947	490	748
Zm00804	2	3	4	3	5	7	1	3
Zm00996	4	4	2	2	7	7	9	15
Zm01655	13	14	13	11	7	7	15	18
Zm01913	2	3	3	3	3	2	3	5
Zm00072	694	743	810	518	1263	1133	870	1532
Zm00708	391	456	171	198	401	447	198	308
Zm01176	33	32	35	26	27	36	89	172
Zm00783	375	247	570	536	1089	1051	423	693
Zm00226	5	4	1	1	3	3	5	7
Zm01998	1167	1402	1032	1045	702	558	2215	3675
Zm01339	45	45	89	85	75	93	20	46
Zm01357	95	93	41	59	22	18	50	60
Zm01314	11	8	10	10	2	3	2	2
Zm01473	6	7	6	6	30	24	30	50
Zm01774	14	14	13	13	5	4	16	24
Zm01258	417	282	569	596	958	932	300	437
Zm00309	412	404	827	1167	466	280	259	342
Zm01086	45	49	8	8	11	10	27	52
Zm00670	47	118	32	67	48	96	51	296
Zm01869	13	13	9	8	4	2	5	7
Zm01114	162	139	361	299	129	137	177	316
Zm00468	9	10	9	8	8	6	3	5
Zm00527	388	377	297	258	558	582	517	939
Zm01394	5	5	4	3	7	5	5	10
Zm01369	4	1	3	1	3	1	1	1
Zm01795	2142	2868	1401	1543	558	722	781	1263
Zm01908	431	198	95	94	385	419	162	255
Zm00230	5	5	2	2	19	14	6	8
Zm00430	7	7	2	3	9	8	3	6
Zm01039	87	87	82	69	127	120	73	143
Zm01353	106	109	96	98	109	100	21	45
Zm01386	33	27	11	11	33	35	14	24
Zm01420	3	2	6	5	5	4	1	2
Zm00734	303	283	226	254	397	364	204	367
Zm00201	1161	1107	1240	1496	763	714	2390	3884
Zm01427	6	7	3	3	6	6	2	2
Zm01749	142	139	335	203	233	205	292	558
Zm01685	3	3	4	5	12	13	14	19
Zm01873	205	185	162	209	96	86	198	423
Zm00467	28	30	7	7	11	10	9	14
Zm00606	2428	2859	2387	1627	2247	1417	1382	1329
Zm00671	129	92	52	56	80	76	26	43
Zm00494	2328	2032	337	300	423	358	484	820
Zm00068	730	472	537	575	1314	860	437	585
Zm01962	2119	2225	437	518	267	311	286	428
Zm01307	480	469	115	132	239	311	164	278
Zm01195	12	10	4	4	4	4	12	18
Zm01040	153	162	128	156	149	137	305	362
Zm00845	77	138	20	38	73	171	99	265
Zm01020	326	281	259	261	199	181	451	746
Zm01522	7	6	11	9	10	11	21	28
Zm00252	439	432	395	602	641	608	475	550
Zm01937	6	5	3	3	2	2	5	7
Zm01298	87	83	20	16	91	74	38	39
Zm01214	102	68	15	21	43	37	19	29
Zm00575	74	83	31	36	50	39	35	61
Zm01892	1083	981	1985	1883	1674	1227	1677	1482
Zm01737	369	365	534	454	793	615	530	650
Zm01007	8	10	5	5	2	1	3	5
Zm00629	172	212	96	105	146	105	107	175
Zm00839	17	21	3	3	9	6	4	7
Zm00873	1	1	4	4	1	1	5	6
Zm00205	258	180	98	76	159	159	137	245
Zm00237	5	6	2	2	8	7	6	7
Zm00919	90	96	127	152	130	129	120	279
Zm01551	282	204	183	164	116	92	48	83
Zm01726	16	16	8	9	25	22	8	9
Zm01179	466	437	978	955	1084	909	737	1283
Zm01441	4	7	10	17	17	27	7	28
Zm01554	392	1300	364	1163	163	473	297	1639
Zm01263	159	166	28	42	94	104	32	59
Zm01027	423	371	282	360	470	468	153	175
Zm00511	49	41	93	92	59	45	22	44
Zm00301	235	226	113	116	338	473	140	195
Zm00307	8	7	7	6	12	15	8	12
Zm00192	9	7	6	5	3	3	13	15
Zm01904	536	646	308	345	989	1233	542	1091
Zm01810	203	604	98	187	56	176	109	486
Zm01709	93	102	129	102	146	181	71	120
Zm00727	14	13	6	4	22	18	4	8
Zm00402	27	22	18	23	17	11	30	28
Zm00279	6	4	4	4	13	12	7	7
Zm00572	72	50	48	44	32	38	25	38
Zm00029	37	43	23	20	33	32	12	19
Zm01933	1178	1047	1691	1712	798	661	644	974
Zm00707	500	519	95	90	322	247	373	624
Zm01083	2160	5066	599	1628	524	1329	765	3404
Zm01486	436	503	288	315	317	397	199	235
Zm00229	18	20	11	10	9	7	13	18
Zm00347	17	16	11	15	4	4	4	6
Zm00936	1724	1383	341	246	792	743	1419	2427
Zm01158	43	136	43	95	82	168	49	205
Zm00073	115	100	113	126	298	319	81	115
Zm01745	491	455	493	769	749	833	823	1240
Zm00520	1644	1856	656	553	367	310	249	320
Zm00042	4716	3680	2708	2365	1850	2049	3333	3557
Zm00705	132	137	257	267	146	187	104	172
Zm00223	104	210	58	139	142	230	169	493
Zm01570	907	665	171	168	521	493	546	870
Zm01921	311	263	307	192	240	245	676	976
Zm01329	1	1	3	3	3	2	2	3
Zm01262	3	2	11	17	8	9	5	7
Zm01862	427	855	193	770	385	1792	510	2706
Zm01972	241	168	511	759	294	285	304	486
Zm00864	34	18	18	19	47	39	43	71
Zm00791	594	566	283	249	290	344	339	460
Zm00769	724	727	507	416	426	740	124	291
Zm00529	877	991	350	263	264	277	283	314
Zm00593	44	48	60	50	56	99	51	57
Zm00797	356	363	91	136	260	237	236	237
Zm01032	5	4	8	7	6	6	2	5
Zm00541	1	0	5	2	3	1	3	2
Zm00366	1	1	7	8	3	2	1	2
Zm00030	155	163	143	147	254	261	194	287
Zm01530	72	66	56	25	57	33	33	50
Zm01385	1703	974	341	362	577	548	1233	1384
Zm01373	101	96	72	73	80	93	222	403
Zm00672	12	14	14	19	14	14	14	22
Zm00165	2652	3040	653	865	3392	2900	2020	2750
Zm00189	69	68	88	65	39	65	137	161
Zm01943	54	69	44	40	73	73	53	63
Zm00915	7	6	3	3	3	3	3	6
Zm01548	1700	1366	2959	3253	2283	1753	2395	3315
Zm01640	442	654	637	688	294	295	393	485
Zm00003	10	11	18	14	4	5	13	20
Zm00262	855	739	234	293	565	473	1212	1422
Zm00115	70	73	47	38	47	43	51	90
Zm00104	30	39	63	64	74	73	63	86
Zm00637	5	5	2	3	2	3	4	4
Zm01738	1330	1724	1656	1339	2223	1868	1997	3185
Zm01845	6	6	7	7	12	10	4	6
Zm01755	439	501	83	65	355	342	246	326
Zm00114	29	21	26	32	29	26	23	39
Zm00880	29	22	11	11	40	39	13	23
Zm00972	767	782	320	265	489	398	222	483
Zm00373	97	323	34	80	28	97	37	216
Zm01579	40	133	50	120	43	124	30	129
Zm01634	1141	980	1736	1888	1630	1715	1575	1221
Zm01451	18	13	4	5	35	37	14	23
Zm00327	74	54	24	30	78	65	54	67
Zm01311	19	37	14	25	12	21	4	10
Zm01168	16	17	14	14	23	28	12	20
Zm01584	1	1	2	1	0	1	2	4
Zm01346	11	38	9	23	4	11	4	20
Zm01790	830	673	1084	707	1098	1339	424	631
Zm01562	29	35	13	20	14	15	22	40
Zm01075	1228	1450	1061	1072	1389	1526	1277	1379
Zm00044	1038	1135	1205	906	1181	1640	905	901
Zm01664	636	449	911	838	862	548	821	899
Zm00544	9	12	16	16	5	4	6	9
Zm00660	2	2	2	1	5	4	2	3
Zm01549	1	1	1	2	3	2	1	2
Zm00005	2272	2128	256	196	1130	1767	580	884
Zm00369	5	5	3	2	2	1	6	11
Zm01112	9	12	5	3	5	4	4	7
Zm00407	987	867	97	78	114	141	138	261
Zm00475	633	772	468	375	512	451	264	328
Zm00057	4	4	1	1	3	3	2	3
Zm01116	91	75	45	39	216	257	138	182
Zm00875	299	261	500	442	842	718	1016	1636
Zm01300	44	34	20	20	48	45	15	31
Zm01689	9	9	4	4	11	12	0	1
Zm01201	48	54	57	55	57	50	63	100
Zm00077	15	20	31	32	26	22	8	14
Zm01291	6	6	3	2	5	3	3	6
Zm00319	284	229	189	157	176	148	108	168
Zm01772	565	468	69	43	576	565	216	310
Zm00045	21	23	42	46	81	75	82	132
Zm00923	32	35	15	16	19	16	6	6
Zm01271	3	3	1	1	2	2	2	5
Zm01695	843	856	1718	1320	2153	1495	1013	1646
Zm00059	6	5	7	7	4	4	5	8
Zm01764	20	16	7	7	9	9	16	17
Zm00215	14	14	8	12	32	34	30	29
Zm01461	553	499	609	640	978	1127	964	1498
Zm00216	2787	2499	5009	4003	3421	3453	1953	2396
Zm01256	100	115	33	35	69	71	29	56
Zm00168	35	37	50	43	90	124	24	35
Zm01769	2	2	4	5	3	2	2	3
Zm01479	15	11	40	34	108	74	14	28
Zm01449	532	1373	423	853	334	1221	424	1821
Zm00429	20	16	90	76	58	66	56	60
Zm00389	253	194	128	128	358	335	194	380
Zm01443	60	88	51	57	27	24	26	49
Zm00684	695	641	384	398	876	1088	715	1049
Zm00870	15	15	29	23	22	26	8	11
Zm00958	35	44	14	12	12	14	10	14
Zm01528	5	6	8	9	13	17	9	15
Zm00782	7	7	4	3	8	6	7	10
Zm01402	252	259	224	274	364	280	198	275
Zm01996	2023	2089	734	862	1070	951	601	829
Zm01732	12	9	3	4	6	5	7	13
Zm00788	230	243	172	195	305	394	445	808
Zm00693	74	148	10	27	32	60	13	47
Zm00243	1572	1095	1416	1153	2663	2183	1266	1971
Zm00437	1119	1031	247	280	433	526	661	843
Zm00360	83	86	13	13	21	25	19	26
Zm00167	874	773	1060	1337	540	675	1158	1647
Zm00233	2005	2584	1093	1347	3329	3269	1403	2244
Zm01005	52	41	54	37	41	38	44	46
Zm00403	5	3	6	5	5	4	3	6
Zm01796	1486	1570	576	874	777	832	483	590
Zm01938	25	20	47	26	25	20	10	14
Zm01164	4	4	4	4	2	2	1	2
Zm01750	686	796	1559	1536	2531	2454	1831	2774
Zm00148	242	341	460	695	397	318	305	431
Zm01038	2953	3697	4252	3208	1996	1894	1575	2949
Zm00039	7	8	10	9	16	11	16	26
Zm01967	84	215	73	257	165	607	170	820
Zm01814	53	64	21	19	13	11	25	40
Zm00067	336	222	166	203	74	68	264	354
Zm01015	3	15	2	9	3	14	3	20
Zm00424	4403	3558	3268	3144	2335	3435	1705	2273
Zm01424	539	482	1301	1136	714	705	1041	1238
Zm01008	152	148	257	222	143	164	338	422
Zm01320	15	10	4	3	24	11	10	15
Zm01233	245	162	41	49	36	33	60	73
Zm00280	7	7	2	3	18	14	2	4
Zm00835	23	22	50	55	86	90	33	43
Zm01433	5	3	8	13	14	12	14	18
Zm00108	76	64	57	49	50	47	58	117
Zm00473	576	387	850	682	242	241	322	640
Zm01608	7	12	6	16	17	39	6	23
Zm01525	3120	2117	2986	2180	950	905	1230	1751
Zm01593	44	32	17	18	29	33	10	14
Zm01741	621	512	281	295	252	352	646	1085
Zm00330	92	117	141	153	33	33	46	71
Zm01078	47	52	12	10	13	17	8	12
Zm00006	5328	5721	2535	2885	2157	1834	1413	2410
Zm01742	281	244	119	113	247	217	107	178
Zm01973	948	689	647	750	410	388	734	1221
Zm01785	6	8	7	8	3	3	10	18
Zm01251	698	631	2091	1770	718	789	1434	2021
Zm00625	214	430	215	548	118	216	428	1057
Zm01884	36	34	12	12	27	26	62	99
Zm00772	2	2	2	2	2	2	2	3
Zm01725	256	234	97	86	131	144	145	205
Zm00462	1007	1476	421	401	304	411	595	644
Zm01983	3406	3765	1184	1394	2896	2806	981	1453
Zm01620	504	376	86	82	89	93	140	241
Zm00204	7	27	6	14	20	60	18	80
Zm00714	591	454	345	320	148	153	588	778
Zm00055	8	7	26	20	18	16	6	19
Zm01982	96	95	56	47	57	48	89	135
Zm00710	4	11	10	18	1	5	11	45
Zm01186	363	247	195	190	225	323	127	173
Zm00258	1247	1550	3178	2195	1453	969	591	850
Zm00810	833	751	2261	1907	940	612	367	551
Zm00615	253	179	108	102	99	78	50	80
Zm01494	611	618	331	368	512	576	254	310
Zm01280	10	13	13	13	22	21	23	37
Zm01330	3	2	2	1	5	4	4	4
Zm01207	34	48	14	12	49	55	7	12
Zm01312	840	1105	270	218	706	406	103	169
Zm00746	17	16	22	25	24	19	34	48
Zm00062	10	37	3	12	3	12	2	11
Zm01088	2577	2537	2414	2566	835	821	1496	2298
Zm00545	1183	1163	371	371	297	371	129	211
Zm00519	2	3	5	4	2	2	2	3
Zm00495	44	48	5	8	24	24	36	47
Zm00608	620	739	206	214	789	541	276	435
Zm00175	1119	1119	2599	1971	2701	3044	2951	4400
Zm01266	196	201	76	65	125	119	315	394
Zm01612	335	879	446	1110	424	1029	80	278
Zm00190	26	26	26	24	24	34	18	25
Zm01257	20	15	18	20	53	54	29	48
Zm00312	1864	2013	1269	1120	1838	1904	1176	1370
Zm00584	21	21	24	16	19	22	21	20
Zm01109	408	438	209	250	131	137	97	167
Zm00161	63	55	34	32	65	72	70	105
Zm01292	12	38	16	32	8	25	6	20
Zm01589	390	314	207	213	152	133	221	420
Zm01748	319	320	318	434	219	176	228	440
Zm01747	466	410	168	180	185	153	515	1076
Zm00242	175	159	83	94	123	146	220	347
Zm01403	223	275	124	115	130	111	204	330
Zm00375	1017	786	1614	1829	1817	2107	1444	2216
Zm01767	10	8	2	2	24	24	5	5
Zm00941	3	4	5	5	5	6	5	10
Zm01054	2079	1719	605	749	1021	938	781	1632
Zm01221	50	52	68	61	236	220	110	188
Zm01034	221	174	63	72	208	207	175	289
Zm01792	626	603	1756	1201	580	635	843	859
Zm01321	16	17	7	7	17	12	9	12
Zm00497	47	105	11	31	42	97	12	68
Zm00920	4	5	6	4	0	0	2	3
Zm00822	2074	2749	2787	2805	2855	2876	1993	2335
Zm00583	28	30	35	32	60	66	25	36
Zm00019	221	213	189	185	163	197	143	136
Zm01410	475	686	234	193	517	389	159	340
Zm00153	1085	889	536	364	379	393	346	584
Zm01687	599	517	611	469	419	479	501	645
Zm01553	4	4	4	3	10	8	7	10
Zm00944	1	1	3	3	3	2	4	6
Zm01173	17	17	13	12	21	19	5	8
Zm00914	3	3	3	2	5	5	1	1
Zm00310	4	6	4	3	4	4	1	2
Zm01997	91	93	73	77	42	35	60	112
Zm00483	5	6	4	6	4	5	2	3
Zm01761	2870	2791	869	572	2339	2706	467	918
Zm00645	170	149	53	73	110	96	42	62
Zm01383	420	498	559	567	323	269	343	546
Zm00270	17	15	6	7	62	44	13	23
Zm00265	2416	2326	1754	1561	2856	3377	2732	3837
Zm01412	398	441	229	236	338	434	360	829
Zm00854	23	27	23	19	11	11	10	20
Zm01185	212	185	123	146	214	193	382	464
Zm00101	746	673	276	265	817	648	1262	2761
Zm00596	133	208	107	124	70	70	67	114
Zm00244	28	8	8	2	26	8	22	10
Zm00075	221	188	102	109	258	305	1163	1395
Zm01172	33	33	45	44	87	72	47	67
Zm00213	950	342	436	122	257	91	758	360
Zm01832	2	1	1	1	2	2	1	1
Zm00422	1358	1139	1298	1293	3052	3951	1211	1719
Zm00633	43	44	77	85	58	51	160	183
Zm00514	998	1169	394	446	742	543	517	1051
Zm01411	9	10	8	8	9	9	2	4
Zm01783	1595	1294	1044	883	1021	1463	1286	2153
Zm00759	1263	996	143	164	256	156	92	138
Zm01242	1038	717	1597	1537	1190	1189	1141	1320
Zm00401	88	96	53	57	27	31	73	154
Zm00181	43	47	29	31	69	46	11	22
Zm01136	49	46	18	20	44	40	23	36
Zm01731	342	408	423	294	326	378	222	361
Zm00803	1999	1680	1933	1772	1426	1371	1114	1985
Zm00646	1463	1739	648	962	1961	1752	1454	2963
Zm01535	4	5	1	1	1	1	3	3
Zm00010	1500	1330	574	535	750	696	666	631
Zm00286	207	211	62	82	99	103	307	343
Zm00616	106	118	85	94	82	135	62	99
Zm00812	47	63	6	9	37	41	51	52
Zm01766	48	33	158	113	60	51	51	56
Zm00859	1087	798	1602	1769	1966	2426	2929	5012
Zm00546	179	163	124	129	130	127	79	129
Zm01677	6168	7636	1059	911	4243	5132	1314	2255
Zm01260	392	368	903	986	607	639	463	794
Zm00642	20	20	8	6	14	14	7	11
Zm01740	19	19	18	14	23	20	14	18
Zm01091	2	2	4	4	5	4	3	4
Zm01304	1035	577	606	592	842	723	1123	1161
Zm01990	52	53	52	46	34	25	30	52
Zm01583	72	82	55	45	162	147	32	40
Zm01558	229	250	70	66	137	135	383	415
Zm00344	6	5	14	12	3	3	15	22
Zm01463	978	1357	1676	1558	902	988	2485	3320
Zm01600	508	459	469	498	254	233	247	297
Zm01969	261	290	508	449	367	263	185	345
Zm00050	470	544	150	173	182	200	236	356
Zm00398	49	62	29	26	34	26	69	93
Zm01434	7	7	4	4	7	9	2	3
Zm01415	11	10	8	9	4	3	6	8
Zm01151	657	502	484	468	506	508	398	472
Zm00683	397	402	1216	1083	574	525	909	1239
Zm01858	155	132	43	40	88	62	48	60
Zm00443	18	15	3	3	13	9	11	11
Zm00382	329	349	359	301	346	356	137	185
Zm00379	693	502	254	191	471	459	325	726
Zm01328	4	4	2	3	2	3	1	2
Zm00947	42	35	32	32	54	39	40	80
Zm00277	3	3	6	5	5	4	4	6
Zm00515	2	2	4	3	6	6	3	5
Zm01505	143	97	148	146	218	233	153	216
Zm01881	42	49	105	89	43	41	59	92
Zm01708	72	69	44	52	63	83	65	80
Zm00018	1184	1761	713	516	2055	2530	1418	2125
Zm00460	330	318	94	93	686	905	108	150
Zm00689	39	67	24	52	122	180	37	116
Zm00156	3	2	2	3	5	3	4	11
Zm00536	810	1002	671	448	863	848	563	916
Zm00184	94	71	42	48	55	49	40	73
Zm01204	320	163	825	670	1112	880	688	1120
Zm01536	120	130	188	149	222	211	230	282
Zm01763	652	402	505	498	1424	1485	1530	1590
Zm00916	417	461	674	916	397	365	900	1108
Zm01057	189	175	133	97	32	35	30	49
Zm00988	1581	1794	999	971	2136	2303	506	1093
Zm00372	7	5	15	14	4	4	4	6
Zm00364	110	114	35	42	101	75	58	94
Zm00431	33	25	3	4	11	10	11	15
Zm00324	132	168	135	71	54	56	217	268
Zm00505	525	565	1262	1229	1593	2517	1120	1531
Zm01543	146	162	80	61	51	85	57	76
Zm01274	296	267	56	83	84	82	91	136
Zm00745	3	3	2	2	4	3	3	4
Zm00521	60	63	37	28	41	52	76	149
Zm00895	10	13	17	14	12	8	6	7
Zm01682	1983	1995	199	232	284	237	823	908
Zm01934	434	606	165	106	103	115	256	471
Zm01791	152	155	230	253	237	249	95	146
Zm01413	22	16	5	5	7	7	7	8
Zm00335	1329	1155	876	818	743	790	1092	1726
Zm01683	3720	3312	2243	1675	1925	1783	3683	3444
Zm00610	21	19	6	6	10	13	5	6
Zm01906	5070	3148	2102	1914	1569	1234	838	1445
Zm01524	82	82	152	140	223	282	71	115
Zm00860	3471	4744	1115	833	587	643	1387	1494
Zm00665	318	275	89	74	214	202	378	388
Zm01197	11	10	6	5	5	7	4	7
Zm00099	8	8	4	5	2	3	10	21
Zm00655	1840	1600	1688	1489	1013	1259	1623	2096
Zm00777	549	535	135	118	103	112	149	177
Zm01337	7	7	1	1	12	12	4	7
Zm01265	59	70	191	219	71	128	111	171
Zm01977	4	3	1	2	5	6	2	5
Zm00905	341	1105	812	2562	608	1964	804	4370
Zm01952	30	31	154	134	32	31	75	101
Zm00415	2491	2311	459	423	1572	1267	1523	2193
Zm00394	474	344	319	329	311	451	696	668
Zm00380	626	2314	302	727	378	1003	475	1775
Zm00046	1044	1074	402	464	793	455	258	342
Zm01418	78	69	166	137	46	34	110	190
Zm00058	51	59	32	25	63	71	116	167
Zm01800	10	9	9	5	13	14	14	30
Zm01174	159	167	113	112	154	169	83	119
Zm00654	886	1663	446	894	974	2964	299	1270
Zm01907	1050	1129	220	208	405	338	569	587
Zm00136	15	13	15	16	25	33	23	45
Zm00105	99	89	21	19	32	25	11	20
Zm01727	380	419	391	350	532	476	369	613
Zm01557	22	19	28	29	32	37	28	48
Zm01391	103	102	28	29	34	31	53	75
Zm01507	3067	2418	2440	3007	1986	1254	1649	3372
Zm00031	1085	737	870	639	582	652	872	888
Zm01546	1859	2016	1130	1516	1234	1322	2126	2960
Zm01192	15	12	26	18	8	8	15	24
Zm00363	599	616	277	248	518	406	161	263
Zm01888	3	3	1	1	5	5	2	3
Zm00219	68	56	18	13	46	36	20	42
Zm00032	246	234	283	187	214	189	142	172
Zm01141	611	1761	156	532	343	1339	357	1173
Zm00220	4	3	1	1	2	2	3	4
Zm00200	26	31	39	44	91	92	47	81
Zm01639	2	2	8	6	6	4	1	2
Zm00158	50	33	49	45	32	28	58	75
Zm01516	49	41	228	279	117	147	148	168
Zm01697	432	323	178	190	207	161	146	181
Zm00517	252	218	179	164	107	118	136	201
Zm00819	42	37	18	22	21	17	14	17
Zm01352	26	24	15	19	49	47	40	71
Zm01622	1358	1371	1614	1024	607	704	1054	1413
Zm01450	2	2	2	2	4	4	3	6
Zm00742	314	356	269	264	253	261	800	1327
Zm00879	482	451	437	347	551	386	492	778
Zm01042	319	321	278	222	259	202	220	385
Zm00492	21	24	17	22	40	53	17	33
Zm00553	8	7	3	3	5	4	6	7
Zm01752	1652	2274	1855	1553	2257	2741	1486	1610
Zm00747	12	15	18	17	11	11	18	20
Zm00406	37	141	18	64	37	122	24	106
Zm00197	3005	2489	1704	1493	1795	1778	769	1506
Zm01864	4	3	1	1	1	1	3	3
Zm00399	2212	2034	1533	1689	2080	1571	1301	1735
Zm01836	47	32	50	52	21	25	43	74
Zm00249	194	176	142	107	165	196	156	227
Zm00959	118	133	181	98	110	94	258	278
Zm00012	799	941	276	259	549	441	337	555
Zm00186	17	16	14	13	12	14	3	5
Zm01440	838	916	910	951	1034	1136	1285	1488
Zm00098	5	4	2	1	5	4	2	2
Zm00425	4	4	1	1	2	2	5	7
Zm01912	1029	868	503	562	744	1022	794	1082
Zm00542	25	26	39	48	56	49	22	34
Zm00112	264	321	81	80	57	52	105	114
Zm01303	1309	845	234	285	603	372	524	874
Zm00110	4	3	3	2	3	3	2	3
Zm00135	7	18	2	5	3	8	2	9
Zm01916	1202	954	683	777	1264	1107	1365	2212
Zm01743	106	93	89	91	154	151	116	189
Zm01672	635	723	1037	1034	292	374	325	425
Zm01724	536	529	143	170	502	541	243	331
Zm00909	14	4	50	20	32	10	17	10
Zm00946	10	10	7	6	10	8	8	16
Zm00626	3	3	2	2	3	2	3	4
Zm01375	118	78	42	45	61	64	35	57
Zm00696	1258	981	489	430	126	115	302	639
Zm01131	45	51	15	10	41	43	19	29
Zm00465	608	557	267	259	522	421	167	268
Zm01694	8	5	2	1	9	9	2	4
Zm00193	33	29	10	9	33	28	26	24
Zm01239	119	395	40	129	132	492	63	428
Zm00206	3	4	4	4	6	7	2	4
Zm00143	138	140	106	90	191	165	121	151
Zm00874	281	330	626	658	500	550	182	320
Zm01777	1283	1208	1582	1547	2528	2541	1383	1788
Zm00736	4	4	2	2	3	4	4	7
Zm01958	325	284	1033	718	235	233	278	375
Zm01532	143	83	83	63	68	62	67	82
Zm01984	29	22	8	10	55	60	17	23
Zm01865	532	2068	389	971	443	1286	295	1593
Zm00721	111	140	116	111	105	116	158	271
Zm00014	7	5	2	2	5	7	5	8
Zm00256	144	123	102	93	212	195	112	174
Zm00640	67	47	22	19	5	4	52	67
Zm01798	332	249	155	150	342	299	318	302
Zm00929	1043	1500	558	537	163	182	383	564
Zm00893	287	232	191	229	144	127	189	375
Zm01626	16	4	37	9	10	2	24	9
Zm01149	714	486	339	295	167	159	134	227
Zm00695	415	447	197	131	811	874	236	371
Zm01448	603	3130	872	2774	474	2403	706	3704
Zm00500	2	2	3	4	4	4	4	7
Zm01598	8	6	10	12	7	11	2	4
Zm01923	3911	4275	2983	3876	1249	1209	3001	4316
Zm01458	86	96	74	79	124	105	104	112
Zm00419	379	320	85	69	277	347	218	340
Zm00493	8	7	4	4	13	14	2	6
Zm00047	72	78	31	22	31	35	25	33
Zm00894	39	36	24	20	30	28	32	41
Zm01254	177	155	117	99	57	75	128	222
Zm01062	975	1059	1196	1408	1256	942	817	1061
Zm00787	20	18	21	19	34	38	45	69
Zm00821	706	546	161	152	551	691	367	508
Zm00131	5	4	8	10	5	5	2	6
Zm00376	6	5	4	3	4	4	1	2
Zm01462	511	635	2584	1988	1147	1445	2154	3616
Zm00306	854	800	516	642	1951	1728	2139	3118
Zm00786	2792	2840	861	975	839	905	1064	1704
Zm01744	317	383	416	491	633	532	622	792
Zm00737	22	25	12	8	28	35	25	30
Zm00878	2180	1795	377	401	2696	2821	1413	2418
Zm00773	3498	3938	1508	1261	2199	2023	1473	1542
Zm01631	1406	1419	473	536	927	906	454	684
Zm01821	15	15	21	15	15	14	15	28
Zm01660	2	3	2	2	5	6	4	8
Zm01044	2001	2299	781	584	564	526	1490	1460
Zm01497	3	4	2	2	4	4	4	5
Zm01011	29	24	27	26	11	16	5	9
Zm01178	74	66	35	65	36	39	34	49
Zm00267	74	73	57	54	33	44	47	67
Zm01180	205	139	65	52	47	55	44	60
Zm00731	1742	1317	366	290	1463	1311	711	1098
Zm00768	769	692	357	344	454	307	263	525
Zm01273	2	2	1	0	2	1	2	3
Zm01781	5490	5173	875	853	5074	4740	5257	10926
Zm00908	5	1	4	0	3	0	2	1
Zm00849	225	192	45	51	43	54	38	61
Zm00147	55	46	14	15	24	30	17	27
Zm01974	382	343	1108	935	654	645	485	706
Zm00272	472	382	73	82	97	111	205	305
Zm00318	1967	5181	1427	3631	886	2152	849	3167
Zm01247	27	24	14	13	24	24	18	23
Zm00732	2219	2296	270	281	515	489	686	1180
Zm00282	321	357	59	53	72	66	43	64
Zm01585	675	660	253	323	589	597	418	558
Zm00092	41	29	38	39	27	24	18	27
Zm01539	74	60	32	28	82	80	30	48
Zm00250	1976	1908	1426	1538	1265	1771	4261	4092
Zm01647	5	4	10	11	51	71	35	37
Zm00681	42	51	17	16	15	18	13	23
Zm00450	93	87	26	24	178	157	62	117
Zm00715	128	80	95	112	198	165	80	105
Zm00333	273	268	217	175	361	297	395	771
Zm01768	169	200	103	70	56	51	63	131
Zm01270	1184	1057	447	431	642	620	2010	2087
Zm01222	10	12	12	11	8	8	6	7
Zm01175	1931	1345	1143	957	3747	4201	3710	4568
Zm01235	39	86	18	31	71	128	50	132
Zm01452	20	53	37	151	19	65	46	227
Zm00858	2	3	2	1	5	6	2	2
Zm01610	5	3	7	9	2	3	7	12
Zm01650	371	1282	203	769	141	469	399	2477
Zm00767	86	87	83	76	76	84	158	254
Zm00755	16	53	11	23	19	58	13	55
Zm00987	2	2	2	1	3	3	3	4
Zm00241	23	17	15	13	9	6	21	26
Zm01718	1	1	3	2	7	6	2	2
Zm01636	224	253	69	63	96	154	68	92
Zm00155	5	7	3	2	1	1	4	7
Zm00885	553	532	212	174	782	635	591	874
Zm00628	1389	1693	762	720	1209	1484	676	1277
Zm00275	7	8	2	1	7	7	12	21
Zm01919	1325	1312	241	219	455	444	686	1029
Zm01393	10	15	44	39	27	28	24	26
Zm01499	32	24	35	38	12	10	58	117
Zm01230	91	107	5	7	11	11	46	81
Zm01878	1638	1312	618	778	502	808	850	1316
Zm01351	1697	1986	868	1222	946	1149	1166	1470
Zm01389	1243	1171	724	1002	771	646	1041	1765
Zm01765	5360	5029	1543	1094	1661	1617	1264	1755
Zm01624	83	57	64	61	110	115	59	88
Zm01578	82	67	46	40	40	47	38	52
Zm01046	4	3	4	4	6	8	5	6
Zm00295	58	48	49	35	41	44	122	143
Zm01390	339	283	48	52	153	121	162	204
Zm00673	7	8	6	6	13	11	5	10
Zm01267	496	351	1025	678	765	620	740	879
Zm00287	29	39	59	49	201	151	202	301
Zm01121	146	146	195	292	288	331	126	182
Zm00585	80	67	54	39	199	176	148	143
Zm01033	924	1045	350	296	856	778	325	488
Zm01521	91	77	35	43	83	66	42	49
Zm00562	1176	4379	661	2024	1860	4983	1715	7488
Zm01936	25	23	20	16	59	42	23	25
Zm01093	6	4	6	4	14	13	19	21
Zm01978	14	8	5	7	11	12	14	16
Zm01322	73	54	11	11	65	66	103	158
Zm00677	31	28	65	41	12	13	12	20
Zm01090	18	18	5	4	7	6	5	9
Zm00413	14	13	13	9	12	10	35	44
Zm01381	445	390	607	608	557	579	552	1251
Zm01722	2472	1949	2718	2131	1185	1747	1114	1322
Zm01555	2790	2209	488	433	736	662	417	708
Zm00794	79	177	99	178	85	176	161	381
Zm01698	3	4	1	2	2	1	1	2
Zm00717	4	4	3	4	2	3	2	3
Zm00844	33	32	10	11	12	14	11	16
Zm01804	7	8	3	3	4	4	10	15
Zm00738	100	79	124	124	34	34	28	37
Zm00486	41	33	33	36	15	20	51	65
Zm01017	204	219	137	146	281	261	263	328
Zm00716	2	1	2	1	1	1	1	1
Zm00602	414	1126	933	2251	687	1354	652	2797
Zm01590	738	1934	1184	3217	860	2528	850	3498
Zm01104	5	14	4	9	3	9	17	65
Zm00932	112	89	227	256	110	96	73	77
Zm00753	26	28	47	43	151	195	43	52
Zm00979	670	732	1172	1325	2777	1884	2545	4447
Zm00152	21	25	35	31	19	17	29	37
Zm00831	12	10	22	22	44	51	62	105
Zm00961	2	1	2	2	3	2	5	8
Zm00069	27	32	15	19	58	42	10	13
Zm01137	333	368	794	783	1260	1336	1680	2846
Zm01379	756	1323	234	698	205	517	449	2142
Zm01362	480	373	124	83	211	149	570	561
Zm00760	3	4	8	8	5	5	1	3
Zm00978	1187	1031	4790	5220	2509	2864	883	1238
Zm00506	724	852	386	450	1126	1423	919	1358
Zm00706	1075	991	2024	1669	1779	2046	804	624
Zm00089	441	350	290	226	149	144	64	93
Zm01540	949	851	331	415	798	1011	1441	2334
Zm00343	2237	2454	799	981	2359	3145	1801	1932
Zm01980	8	8	6	7	3	3	4	5
Zm00499	7	5	8	6	6	5	2	3
Zm01513	5	13	6	18	6	15	10	58
Zm00744	18	8	14	8	26	13	6	6
Zm01932	3	2	2	2	1	1	4	9
Zm00436	3	4	4	5	6	6	8	9
Zm01374	228	155	477	341	258	232	63	85
Zm00813	107	126	21	34	37	35	21	45
Zm00549	87	99	61	56	151	168	21	26
Zm01591	10	8	8	9	15	15	10	15
Zm01592	5	5	3	3	5	5	3	6
Zm00463	2107	4400	935	2357	2892	5952	717	3114
Zm00568	7	8	8	8	10	8	6	10
Zm01053	1117	349	941	182	1565	559	2278	800
Zm00688	134	117	211	196	65	78	88	78
Zm00754	5	6	2	2	2	2	5	9
Zm00945	3689	6139	1262	2845	1065	2656	1659	5562
Zm01226	204	219	115	94	107	66	134	187
Zm00417	13	16	11	11	7	8	3	4
Zm00739	143	149	116	110	416	329	166	317
Zm00866	494	505	675	546	474	488	202	322
Zm00510	127	160	83	105	258	230	79	92
Zm01922	16	9	31	29	24	29	29	38
Zm00903	138	98	80	86	101	98	107	168
Zm00447	8	7	1	1	5	4	0	1
Zm00861	113	118	23	14	21	20	46	89
Zm01788	166	193	378	376	596	665	724	971
Zm00119	4	3	3	3	7	6	4	5
Zm00675	77	95	59	74	145	150	110	217
Zm01565	45	32	100	113	38	34	37	58
Zm00992	61	57	74	80	47	63	35	43
Zm00982	72	78	34	34	49	40	72	121
Zm01987	13	12	4	3	4	3	12	15
Zm00441	8	4	2	2	5	3	14	22
Zm00303	148	138	51	65	45	44	54	72
Zm01615	93	58	23	23	63	90	46	58
Zm01721	11	12	7	7	27	23	7	8
Zm01135	1356	1294	1197	1281	1978	1316	2142	3780
Zm00818	38	53	17	23	21	17	18	45
Zm00094	16	19	24	26	20	17	18	30
Zm00522	19	20	35	29	16	21	5	8
Zm00937	1017	763	719	852	446	487	535	756
Zm00643	14	12	8	5	2	3	12	14
Zm00455	261	201	185	206	179	124	237	339
Zm01100	38	61	19	20	37	36	40	61
Zm01146	1332	1437	2319	3199	2527	1971	2857	3703
Zm00350	810	1026	617	643	2676	2757	841	1008
Zm01762	154	131	30	30	59	58	215	297
Zm01964	3530	3839	3363	3812	1785	1789	3952	4137
Zm00224	546	580	259	170	402	465	133	206
Zm01010	7	6	1	1	8	9	10	13
Zm01024	786	608	786	871	490	500	182	261
Zm01464	229	132	288	160	300	210	202	228
Zm00560	173	161	40	38	162	135	171	249
Zm01794	6	5	5	4	6	5	4	5
Zm01601	92	141	28	26	106	89	121	162
Zm01630	19	18	36	35	64	65	16	20
Zm01623	6	7	1	1	4	3	2	4
Zm00414	209	206	386	456	185	155	287	334
Zm00426	134	117	304	196	82	145	150	224
Zm00079	504	445	93	79	198	210	177	346
Zm00647	95	71	54	58	63	74	87	135
Zm00040	663	611	282	318	555	772	382	549
Zm01808	141	149	92	129	160	146	111	173
Zm00957	488	535	382	401	526	644	512	701
Zm00367	19	19	15	15	9	8	44	60
Zm00667	3	4	4	4	4	4	3	4
Zm00461	9	7	5	7	25	22	8	16
Zm01336	606	643	1323	898	693	894	567	922
Zm01438	2	2	1	2	3	2	3	6
Zm01501	152	110	100	93	108	129	47	67
Zm00974	21	16	7	7	10	10	7	12
Zm00383	20	16	5	8	8	9	3	4
Zm00569	396	292	151	153	335	370	538	793
Zm00235	604	548	665	580	327	382	437	756
Zm00074	1578	834	654	652	814	1212	617	797
Zm01426	42	50	75	91	26	31	52	90
Zm01898	120	151	34	30	67	71	59	102
Zm01928	23	25	8	8	4	4	2	4
Zm01472	119	130	58	41	36	38	35	62
Zm00253	68	232	81	286	343	954	26	118
Zm00507	187	171	728	724	836	781	407	611
Zm01564	1531	1335	1149	1070	1998	1920	1016	1189
Zm01861	178	168	61	55	30	31	19	31
Zm00548	3928	11723	440	1037	1487	4977	668	2866
Zm01475	8	7	22	12	10	10	9	9
Zm01309	8	7	4	4	5	5	10	11
Zm00421	702	824	206	199	519	374	523	716
Zm01793	703	822	828	701	487	615	811	1437
Zm01414	15	17	10	9	38	27	4	9
Zm00121	1538	1375	1734	1955	2205	1842	595	819
Zm00442	10	21	9	30	17	34	6	37
Zm00240	144	118	99	106	159	161	414	576
Zm01502	1179	841	2171	1721	777	807	268	419
Zm01702	12	16	26	30	63	65	13	15
Zm00212	80	245	28	93	40	113	71	308
Zm01914	100	70	48	40	85	91	36	78
Zm00579	430	331	69	65	151	150	93	91
Zm01670	281	262	241	204	143	102	121	184
Zm01080	4	2	5	6	3	4	9	13
Zm01290	29	26	14	14	6	5	33	47
Zm01120	65	59	57	54	50	59	78	117
Zm01043	475	388	169	137	367	456	225	232
Zm00076	3056	2465	846	749	3778	3312	933	1057
Zm01382	2243	1492	712	833	699	517	413	609
Zm00308	4	4	3	3	2	2	4	5
Zm01378	4	4	3	4	3	3	1	2
Zm01665	3107	2848	3628	3718	6554	6315	2130	2871
Zm01261	3	5	16	14	12	13	7	10
Zm01191	543	397	283	304	1095	1133	695	986
Zm00138	60	47	20	19	50	54	63	75
Zm01621	347	312	315	310	99	90	230	279
Zm00851	179	195	298	325	338	301	156	185
Zm01820	23	25	9	7	20	32	53	98
Zm00743	6	6	9	6	4	4	7	8
Zm01182	1479	1769	718	626	1139	897	1161	1654
Zm00588	10	4	22	7	16	7	4	2
Zm01642	1439	1365	997	1179	747	853	1608	2237
Zm01811	542	616	421	318	666	595	374	690
Zm01387	52	52	86	97	42	47	107	146
Zm00564	1381	1179	751	654	730	853	1617	2220
Zm00890	3325	3004	1760	1474	2820	2305	2970	2705
Zm01512	16	14	172	191	74	54	82	154
Zm01477	36	40	26	26	11	10	36	71
Zm01669	118	140	167	194	288	220	134	197
Zm01666	1252	5456	371	1613	1044	2892	1000	4593
Zm01706	1420	1263	504	425	1397	1664	1190	1441
Zm01068	20	19	18	18	24	19	8	8
Zm01891	18	12	12	12	20	20	12	25
Zm00956	14	15	11	15	39	23	8	13
Zm00963	217	181	160	157	151	147	143	135
Zm01453	11	15	24	27	9	11	16	23
Zm00113	1160	2838	777	2159	1149	4765	644	3249
Zm00207	4573	4817	1786	1679	3032	2431	5184	6756
Zm00989	61	53	101	107	54	49	78	115
Zm00469	188	210	57	76	143	155	100	167
Zm01657	16	27	13	25	12	36	27	89
Zm01281	5	4	16	12	8	10	4	8
Zm01629	20	27	9	8	4	5	7	10
Zm01931	2682	3058	1796	1716	1637	1121	1937	3264
Zm00869	118	106	88	69	121	107	62	68
Zm00796	318	256	191	163	260	295	361	494
Zm00037	16	19	9	10	15	14	21	20
Zm01534	3061	11808	2719	8989	4566	15936	3135	15653
Zm01284	10	11	1	1	2	2	8	13
Zm00927	7	6	3	3	9	10	3	4
Zm00713	252	347	163	163	250	223	309	502
Zm01058	363	337	202	162	286	279	83	172
Zm01367	58	39	15	15	75	66	17	21
Zm01711	2	3	4	2	3	4	1	1
Zm00661	2	2	3	2	3	3	1	2
Zm01979	683	1579	502	1146	663	1606	205	963
Zm00591	12	13	15	23	51	64	54	73
Zm01993	1605	1690	616	559	2294	2250	1386	2242
Zm00083	14	15	7	5	6	7	10	11
Zm00960	17	23	35	38	32	34	38	62
Zm00085	229	201	87	106	70	71	57	127
Zm01013	29	23	33	32	33	30	24	36
Zm01633	746	711	332	293	376	450	783	1531
Zm01625	41	30	28	29	39	56	37	58
Zm00393	1185	702	593	366	925	649	212	258
Zm01729	22	21	26	18	65	37	21	33
Zm00159	105	57	127	115	48	39	25	47
Zm00563	63	77	20	20	113	122	52	59
Zm00081	282	253	281	403	128	107	116	173
Zm00051	220	162	90	79	147	135	231	371
Zm01334	9	9	1	1	3	3	2	3
Zm00595	204	207	465	402	312	218	403	589
Zm01870	24	23	5	7	33	36	19	31
Zm01961	468	399	87	104	415	430	54	62
Zm00221	10	25	2	9	15	23	3	9
Zm00855	2445	3103	1238	1679	2270	1397	1314	2747
Zm00028	408	355	730	606	337	344	243	306
Zm00834	15	11	5	5	9	8	6	12
Zm01124	709	595	251	231	751	723	1359	2705
Zm00066	1252	863	1113	716	1040	973	386	517
Zm01736	1246	920	510	779	1849	1805	902	921
Zm00446	191	185	593	515	359	296	231	346
Zm01684	17	25	16	15	8	7	7	13
Zm01465	187	170	94	98	255	238	573	698
Zm00774	7	6	6	4	2	2	9	13
Zm01237	3352	2966	1783	1763	1363	1222	3332	3495
Zm00097	5	3	3	2	1	1	3	3
Zm01935	3	3	4	6	6	6	6	8
Zm00799	559	490	72	92	48	42	65	82
Zm00539	680	703	782	687	570	611	1764	2292
Zm01457	36	37	60	69	52	46	42	38
Zm00703	613	570	921	603	601	542	413	900
Zm01286	7	5	7	6	6	4	5	10
Zm01900	98	67	98	93	69	51	228	338
Zm01588	514	559	260	257	212	156	160	207
Zm00975	12	12	14	10	13	11	9	10
Zm00004	232	799	217	726	392	1309	105	379
Zm00009	27	23	12	10	13	20	11	23
Zm01055	16	16	107	88	27	26	25	47
Zm01889	1604	1937	1476	1243	384	325	1852	2984
Zm01855	5618	5185	2477	2731	1372	1473	1351	2274
Zm00838	420	480	238	269	425	236	156	204
Zm00361	1589	1711	1559	1412	1610	2266	682	915
Zm01293	602	597	991	669	904	583	494	775
Zm01437	256	269	153	118	155	133	111	157
Zm01635	353	299	361	394	454	456	176	301
Zm00685	415	343	257	217	872	902	304	593
Zm01483	3	14	7	27	4	17	5	34
Zm01839	26	26	10	11	48	44	18	17
Zm01133	6	6	11	12	22	23	7	10
Zm01216	5	3	10	10	4	4	2	3
Zm01380	80	223	20	57	25	107	56	212
Zm00088	3411	1956	3178	2293	1030	1000	596	880
Zm01893	61	59	43	30	66	85	49	59
Zm00659	2	1	2	1	3	1	2	1
Zm00612	1587	1432	1694	964	3045	2360	1116	2030
Zm01807	31	29	23	20	7	5	10	17
Zm00144	55	58	22	19	37	46	13	27
Zm00826	2782	2331	2730	3655	1898	1825	973	955
Zm00371	183	127	22	25	59	68	34	54
Zm01165	49	49	41	37	54	42	60	66
Zm00456	1027	1262	658	672	1881	1898	1603	2050
Zm00686	23	17	1	1	4	3	2	3
Zm01778	5766	4775	1240	1494	3473	3425	1431	1429
Zm01001	530	569	532	480	1092	1032	560	621
Zm01118	13	12	9	9	11	10	9	17
Zm00952	1719	1924	1053	1236	1251	1313	509	891
Zm00459	1083	1225	377	298	569	489	585	667
Zm01110	2	2	1	1	1	1	1	2
Zm00134	147	141	27	32	49	51	78	112
Zm01617	3	3	2	2	3	3	5	10
Zm00041	20	15	6	7	12	12	6	10
Zm01837	50	39	58	66	40	40	21	35
Zm01342	51	137	77	226	55	175	105	437
Zm00533	46	32	20	20	14	13	23	35
Zm00336	562	705	160	205	359	294	666	839
Zm01299	297	246	89	71	89	86	142	207
Zm00910	308	199	22	24	57	41	56	113
Zm00454	2	8	4	15	11	27	3	20
Zm00090	91	85	23	27	34	43	36	47
Zm00338	10	7	9	9	4	3	4	7
Zm00800	900	610	692	497	1451	1202	970	1281
Zm00650	37	37	38	65	47	45	115	217
Zm00365	142	161	194	161	117	87	152	170
Zm00702	183	122	36	52	141	112	90	128
Zm00332	13	22	13	11	20	20	4	5
Zm01327	10	9	4	3	4	4	2	4
Zm00775	5308	6597	2523	3155	2632	3856	3746	4236
Zm01829	29	19	10	10	28	25	7	15
Zm00809	56	62	19	19	50	48	36	42
Zm00922	1	0	2	1	2	1	5	6
Zm00357	14	9	12	11	11	15	21	30
Zm00096	224	170	47	53	79	85	136	219
Zm01099	320	274	578	642	351	324	128	138
Zm00328	13	12	7	10	17	22	27	41
Zm00191	426	450	502	456	460	296	671	942
Zm00823	30	30	41	41	10	12	8	16
Zm01315	84	86	55	64	101	102	43	70
Zm01234	18	20	15	18	11	9	11	18
Zm00251	175	130	81	93	271	192	180	297
Zm00886	5	5	2	3	7	8	7	7
Zm01181	18	21	46	42	26	19	24	32
Zm01106	73	57	107	99	251	214	210	323
Zm01815	67	58	153	116	91	82	48	76
Zm01231	14	49	3	9	2	9	10	36
Zm00416	15	11	12	10	8	7	5	9
Zm00302	3	3	1	1	4	4	3	4
Zm00178	56	68	50	27	72	73	66	111
Zm01023	2250	2073	338	392	793	740	1025	1538
Zm00547	26	27	4	6	31	23	19	17
Zm01077	1698	1550	3330	3911	2357	2085	3321	3394
Zm01081	339	270	646	457	241	248	182	205
Zm00674	1665	2092	944	966	434	343	956	1047
Zm01954	50	126	44	130	25	65	15	60
Zm00719	1132	967	745	717	475	306	1072	1349
Zm01224	19	32	6	4	14	14	7	9
Zm01518	344	344	241	226	163	113	291	356
Zm00283	672	605	301	341	238	268	234	382
Zm01318	16	18	21	23	17	19	48	72
Zm01519	179	137	272	276	538	460	212	404
Zm01063	116	269	49	134	286	458	93	331
Zm00202	7	8	5	5	6	5	9	14
Zm00118	533	476	232	217	192	212	202	232
Zm01217	175	155	214	232	194	159	67	128
Zm00478	1736	1824	946	887	1945	1832	1339	1329
Zm01644	2309	1227	2095	2036	1617	2055	1991	2986
Zm01566	2	3	3	4	4	4	6	6
Zm00599	705	697	206	215	278	199	299	438
Zm00266	172	169	363	396	149	148	225	382
Zm01830	13	12	7	5	3	4	3	4
Zm00284	3405	3196	1377	1084	1309	985	2050	3533
Zm01209	1065	992	394	423	1182	800	297	497
Zm00008	18	11	11	9	8	7	28	44
Zm01826	25	27	11	10	14	15	29	40
Zm01946	8	6	3	3	3	3	1	1
Zm00359	381	268	501	554	854	1117	479	625
Zm01059	1655	1776	1742	1313	5661	5072	1002	1427
Zm01130	3563	4338	3372	3372	2893	2450	3582	5225
Zm01117	18	13	16	14	16	13	16	19
Zm01152	104	176	272	582	169	386	91	225
Zm00504	6	5	9	7	7	8	16	26
Zm00145	5	5	5	4	4	3	7	8
Zm01701	10	11	4	3	6	6	6	6
Zm00883	37	37	12	11	22	22	26	33
Zm01491	193	196	140	135	136	137	97	165
Zm00676	12	30	2	12	2	8	6	36
Zm00594	117	116	54	37	119	151	132	164
Zm01597	1007	776	509	479	596	664	870	1019
Zm01200	1016	639	374	437	351	224	508	754
Zm00060	2	2	1	1	3	3	3	4
Zm00931	425	518	78	101	160	206	67	118
Zm01154	6	4	4	4	10	9	11	22
Zm01944	3519	1203	4167	1643	2190	863	2932	1854
Zm01419	1344	1540	546	552	723	623	1938	2679
Zm00868	561	635	340	333	979	1276	588	996
Zm01704	407	419	201	205	240	164	213	384
Zm00658	539	598	101	117	1233	1244	913	1498
Zm01049	6	7	1	1	3	1	2	4
Zm00700	3	3	4	4	4	4	2	4
Zm00408	9	7	5	6	5	4	3	6
Zm00950	66	67	15	18	58	48	40	50
Zm01232	20	79	7	20	18	64	25	119
Zm00852	288	195	308	239	95	143	1895	2588
Zm00063	53	45	58	50	62	56	88	124
Zm00291	7	11	3	3	6	5	1	3
Zm00023	26	23	8	7	6	8	9	12
Zm00132	6	7	16	15	24	23	3	4
Zm01445	3835	3694	2966	1927	859	1029	2146	3839
Zm00840	4	6	5	4	5	3	7	8
Zm00928	1405	1021	953	928	3227	3157	2733	3471
Zm01140	1269	1218	119	81	144	144	233	420
Zm00876	9	11	8	10	4	3	2	3
Zm00194	1517	1242	690	860	559	540	642	929
Zm01345	1404	1764	955	1011	2129	1852	3443	5096
Zm00757	52	55	30	28	29	36	31	46
Zm00187	76	77	32	31	113	111	26	31
Zm01238	6245	7600	1727	1446	1450	2019	1601	2052
Zm01587	299	684	289	463	208	450	167	656
Zm00871	622	727	242	270	448	396	1186	2076
Zm00139	12	20	14	12	14	13	11	14
Zm00329	21	11	36	29	69	37	23	29
Zm01428	5310	3522	847	1211	1577	1641	2405	3145
Zm01537	1076	835	562	559	407	251	591	1229
Zm00428	454	574	593	676	260	210	315	399
Zm01930	1950	1767	1283	1098	1838	1649	1447	2265
Zm00531	3382	1842	895	678	1927	1594	2602	2571
Zm00231	155	106	43	53	78	97	97	218
Zm00362	376	469	158	173	190	270	241	301
Zm00180	22	23	21	25	40	36	12	18
Zm01903	12	16	22	13	5	5	10	13
Zm00188	3028	4975	1188	2395	589	1612	1117	3749
Zm00887	334	241	288	195	454	448	138	279
Zm00354	101	80	196	231	100	98	296	343
Zm00789	7	13	0	1	6	5	3	4
Zm01338	36	35	10	7	19	20	8	15
Zm00472	16	12	85	73	24	22	20	28
Zm01544	237	276	493	558	725	606	472	693
Zm00179	3	2	8	8	1	1	5	9
Zm00701	5	3	3	5	3	3	4	6
Zm00183	10	8	7	7	8	8	7	13
Zm01493	126	333	106	318	96	293	249	666
Zm01645	3	2	3	4	1	2	3	3
Zm00064	2476	2383	2003	1980	999	793	2661	3121
Zm00808	330	314	643	626	162	203	981	1588
Zm01012	159	111	23	25	63	50	52	75
Zm00846	104	109	83	60	205	302	506	585
Zm00981	1114	1017	418	431	397	488	2963	4790
Zm00862	92	99	83	93	106	97	222	355
Zm00967	5841	4587	1612	1639	4828	5629	1611	3412
Zm00321	8	9	4	4	7	8	4	6
Zm01227	73	65	144	143	105	78	72	80
Zm01031	36	27	105	110	82	53	118	170
Zm00276	10	7	8	7	21	23	22	25
Zm01728	64	47	61	55	61	52	52	93
Zm01816	52	34	92	78	100	103	84	126
Zm01467	476	362	988	747	259	271	299	503
Zm01409	220	184	155	178	263	277	137	166
Zm01605	10	15	10	9	40	32	14	22
Zm00400	273	339	87	53	49	46	105	142
Zm01343	1	1	8	7	6	4	3	4
Zm00111	15	13	4	5	10	12	11	19
Zm01965	10	2	14	3	8	3	16	5
Zm01572	1629	1052	975	1155	2151	1928	2360	2646
Zm00352	16	54	11	46	6	19	4	29
Zm01364	29	44	47	42	27	38	9	15
Zm00163	1054	832	1118	1211	1238	721	718	1246
Zm01533	14	48	10	27	16	67	11	48
Zm00198	3	2	4	3	5	6	6	12
Zm01199	5	5	8	9	5	7	13	23
Zm01776	582	605	266	270	1009	858	1319	1473
Zm00532	1842	2316	1150	811	2470	2566	2680	2778
Zm00049	32	18	13	16	25	21	49	69
Zm00392	68	67	25	28	27	31	38	46
Zm01970	246	239	178	178	83	71	49	54
Zm01243	109	91	60	56	107	82	149	181
Zm00128	5	4	3	3	5	6	12	20
Zm00034	1134	986	895	1437	2099	2000	1022	1041
Zm01668	5	4	2	2	8	8	3	6
Zm00999	270	242	225	162	249	258	364	599
Zm01803	995	1262	885	704	751	621	574	833
Zm00570	497	423	219	219	160	203	202	249
Zm00087	89	63	68	63	184	174	186	236
Zm00457	811	661	822	654	984	837	516	563
Zm01365	1377	1226	1876	2012	778	1216	2440	3586
Zm00411	219	191	265	208	215	170	141	236
Zm00694	10	9	6	8	9	9	13	17
Zm00850	3	3	3	3	7	5	2	4
Zm00293	7	8	3	4	4	5	3	4
Zm01648	55	62	100	66	47	57	56	71
Zm00630	12	12	3	3	12	15	15	17
Zm00209	1952	2591	2872	2528	651	806	1315	2865
Zm00420	1486	1565	551	384	2248	1890	1717	2773
Zm00830	1446	1910	1156	1059	1120	1205	1735	3355
Zm01940	1330	1201	611	455	526	517	777	1072
Zm00427	356	529	441	324	515	518	610	773
Zm01026	59	238	28	65	64	233	80	354
Zm01220	98	112	36	27	71	75	67	104
Zm00490	12	12	29	30	27	21	15	17
Zm00141	5	4	2	2	3	3	2	3
Zm00368	49	44	31	24	45	40	15	29
Zm00884	263	243	420	317	794	1128	488	631
Zm01641	96	78	20	43	21	25	21	46
Zm00601	351	392	1366	1610	1276	1050	1141	1262
Zm00698	11	9	9	10	18	21	9	13
Zm01901	14	21	8	9	20	29	9	13
Zm01432	7	5	2	3	23	24	3	5
Zm00199	2193	2493	443	433	2329	1850	1149	1521
Zm00911	239	225	87	71	145	169	52	66
Zm01988	18	17	11	12	43	32	16	24
Zm01693	666	580	57	51	55	39	44	90
Zm00638	1499	1530	753	568	702	727	1574	2947
Zm01556	300	238	138	147	142	197	275	314
Zm00518	15	15	15	12	7	7	16	19
Zm01879	3289	4267	835	891	934	660	1202	1481
Zm00002	95	90	175	150	88	94	119	249
Zm00543	35	34	61	55	26	41	29	62
Zm01723	43	127	100	454	59	257	54	238
Zm00120	1018	2676	1674	2992	1131	1870	1120	3026
Zm00185	511	519	938	1170	693	523	877	1080
Zm00906	22	21	18	22	12	12	4	5
Zm01531	103	125	31	40	149	113	39	55
Zm01883	613	798	778	520	470	485	209	285
Zm00692	157	614	116	360	141	483	280	1409
Zm00969	14	9	7	4	14	12	8	11
Zm01853	114	125	260	200	62	68	97	129
Zm01159	21	20	14	12	17	14	29	43
Zm00349	16	15	38	24	16	21	19	41
Zm01029	20	22	18	15	47	41	20	34
Zm01770	3	5	15	11	7	6	5	10
Zm00644	2141	1921	2446	2176	1497	1824	1140	1897
Zm01148	2	1	7	6	2	3	7	10
Zm00149	495	502	840	918	361	333	747	1080
Zm00649	227	484	135	585	193	638	159	710
Zm00924	491	552	121	151	325	238	140	209
Zm01138	340	322	99	91	406	253	507	882
Zm00752	16	17	11	10	12	10	11	18
Zm00234	18	40	16	30	11	35	16	67
Zm00395	1921	2206	2326	2848	1657	1285	2374	3018
Zm01956	108	120	42	47	273	299	91	174
Zm01129	3226	3087	1282	1391	1279	1803	1047	1177
Zm00222	49	49	12	16	101	111	27	40
Zm00502	80	87	82	109	89	74	96	169
Zm00091	83	77	44	53	34	36	49	60
Zm01139	6	9	10	27	2	5	8	37
Zm00586	7747	7187	2837	2903	1453	1548	1060	1677
Zm00247	1676	2125	1605	1248	4722	5006	1387	1855
Zm01377	5	5	8	6	6	9	8	11
Zm01070	122	250	50	141	162	519	60	298
Zm01911	29	23	21	19	30	33	12	20
Zm01481	8	8	3	3	5	4	2	2
Zm00991	1467	1454	933	852	1028	1240	1232	1630
Zm01885	4	5	6	6	1	2	7	8
Zm00613	957	705	866	665	2119	2105	1520	2223
Zm01014	99	97	47	42	27	30	68	126
Zm01028	33	35	33	26	27	26	17	30
Zm00048	1	2	4	8	2	6	6	25
Zm01056	6	7	1	2	10	12	7	9
Zm01663	29	19	4	4	11	6	8	17
Zm01396	11	17	9	10	8	8	43	64
Zm01022	21	36	25	49	10	24	17	51
Zm01654	1816	1724	1089	855	2144	1426	953	1477
Zm01236	92	41	77	30	23	9	25	17
Zm01514	1049	725	595	770	734	735	1174	1236
Zm01574	94	173	20	64	88	173	84	324
Zm00444	1	1	2	2	8	8	4	8
Zm00913	15	17	10	10	14	15	7	12
Zm00464	609	508	485	458	306	315	651	1327
Zm01213	707	974	979	1046	3007	2530	598	965
Zm01219	6	7	12	8	12	13	23	22
Zm01348	3	3	2	2	5	5	2	5
Zm01187	221	223	138	113	101	119	77	156
Zm00892	2	2	4	4	1	2	3	6
Zm01771	790	1074	895	932	1756	1913	1228	1637
Zm01526	577	758	234	229	597	528	679	1014
Zm00712	149	174	69	61	67	53	155	240
Zm00080	1	0	3	2	2	2	2	3
Zm00571	2502	5710	421	1194	569	1644	681	2009
Zm00856	61	54	13	10	15	9	10	15
Zm01691	3	7	7	17	6	14	6	26
Zm00122	959	689	673	826	2236	1610	1808	2635
Zm00340	4	3	3	2	1	2	2	4
Zm00052	2528	2645	1199	1284	2127	2606	6393	9740
Zm01205	17	10	7	6	5	5	13	18
Zm00176	110	99	73	96	47	38	58	86
Zm00938	2	1	2	1	1	1	1	2
Zm00261	13	17	5	7	7	10	10	14
Zm01347	2048	1021	435	193	490	228	2434	1100
Zm01887	21	27	19	14	10	10	10	17
Zm00033	46	41	38	29	47	37	23	33
Zm01854	367	119	174	63	124	42	215	103
Zm01335	37	35	29	30	72	96	25	41
Zm01609	6	6	3	2	6	5	1	1
Zm00162	197	194	149	207	56	61	244	294
Zm01092	616	824	422	366	521	671	333	616
Zm00289	7	7	8	7	23	24	4	11
Zm01113	27	23	30	30	19	17	9	14
Zm01354	677	661	177	177	595	677	957	1613
Zm00576	16	17	9	10	24	34	15	19
Zm01941	1238	1358	1964	2067	743	760	1087	1051
Zm01071	773	542	201	165	586	354	256	244
Zm00325	25	19	56	58	54	48	211	311
Zm01848	268	285	244	274	254	196	110	176
Zm00728	9	9	5	5	5	6	12	17
Zm01616	5	7	4	3	0	1	4	6
Zm01316	18	26	7	6	17	17	4	7
Zm00142	26	30	84	91	51	50	67	116
Zm01050	1494	1073	1679	1552	2348	2243	939	1317
Zm01813	111	108	65	59	50	44	226	279
Zm01563	17	20	6	5	33	31	10	12
Zm01805	76	69	52	70	17	19	55	101
Zm00699	1041	770	260	262	210	227	2135	3298
Zm00554	2459	3702	2167	2588	2267	2197	2495	4288
Zm00651	27	26	21	27	14	13	30	41
Zm01193	37	36	38	38	10	9	17	22
Zm01003	5	6	4	4	5	4	4	9
Zm00930	15	20	9	8	2	4	2	3
Zm01064	10	8	3	2	2	1	4	6
Zm01966	6	5	6	4	11	12	6	13
Zm01421	21	24	4	4	10	8	6	9
Zm00264	819	907	545	500	886	965	1496	3066
Zm00130	9	9	18	22	9	9	16	19
Zm00990	10	11	3	4	5	5	11	11
Zm01995	4042	3252	2600	2291	1334	1599	1363	2161
Zm00331	319	410	164	143	272	287	104	232
Zm01510	12	15	26	35	11	14	15	20
Zm00711	99	107	168	149	30	24	67	65
